lon,lat,country,general,negative,positive,neutral,date,pk
96.6275884228238,61.9668529188997,Russia,1,1,0,0,2017-12-22,1
96.6275884228238,61.9668529188997,Russia,1,1,0,0,2017-12-27,2
-112.495726075036,45.6881134357956,United States of America,21,3,7,11,2017-10-25,3
-112.495726075036,45.6881134357956,United States of America,13,6,4,3,2017-10-26,4
-112.495726075036,45.6881134357956,United States of America,3,1,1,1,2017-10-27,5
-112.495726075036,45.6881134357956,United States of America,1,1,0,0,2017-10-28,6
-112.495726075036,45.6881134357956,United States of America,19,9,2,8,2017-10-30,7
-112.495726075036,45.6881134357956,United States of America,1,0,0,1,2017-10-31,8
-112.495726075036,45.6881134357956,United States of America,9,6,2,1,2017-11-02,9
-112.495726075036,45.6881134357956,United States of America,9,3,1,5,2017-11-03,10
-112.495726075036,45.6881134357956,United States of America,8,5,1,2,2017-11-04,11
-112.495726075036,45.6881134357956,United States of America,11,5,2,4,2017-11-05,12
-112.495726075036,45.6881134357956,United States of America,5,3,0,2,2017-11-06,13
-112.495726075036,45.6881134357956,United States of America,13,4,5,4,2017-11-07,14
-112.495726075036,45.6881134357956,United States of America,5,3,1,1,2017-11-13,15
-112.495726075036,45.6881134357956,United States of America,8,1,3,4,2017-11-14,16
-112.495726075036,45.6881134357956,United States of America,7,4,3,0,2017-11-15,17
-112.495726075036,45.6881134357956,United States of America,9,7,1,1,2017-11-16,18
-112.495726075036,45.6881134357956,United States of America,16,4,4,8,2017-11-17,19
-112.495726075036,45.6881134357956,United States of America,2,1,1,0,2017-11-20,20
-112.495726075036,45.6881134357956,United States of America,26,6,13,7,2017-11-21,21
-112.495726075036,45.6881134357956,United States of America,22,11,5,6,2017-11-22,22
-112.495726075036,45.6881134357956,United States of America,25,10,6,9,2017-11-23,23
-112.495726075036,45.6881134357956,United States of America,18,7,4,7,2017-11-24,24
-112.495726075036,45.6881134357956,United States of America,19,5,6,8,2017-11-25,25
-112.495726075036,45.6881134357956,United States of America,8,6,0,2,2017-11-26,26
-112.495726075036,45.6881134357956,United States of America,17,5,7,5,2017-11-27,27
-112.495726075036,45.6881134357956,United States of America,21,9,7,5,2017-11-28,28
-112.495726075036,45.6881134357956,United States of America,28,6,9,13,2017-11-29,29
-112.495726075036,45.6881134357956,United States of America,24,7,3,14,2017-11-30,30
-112.495726075036,45.6881134357956,United States of America,17,8,3,6,2017-12-01,31
-112.495726075036,45.6881134357956,United States of America,12,8,2,2,2017-12-02,32
-112.495726075036,45.6881134357956,United States of America,5,4,1,0,2017-12-03,33
-112.495726075036,45.6881134357956,United States of America,14,7,3,4,2017-12-04,34
-112.495726075036,45.6881134357956,United States of America,27,9,9,9,2017-12-05,35
-112.495726075036,45.6881134357956,United States of America,11,8,1,2,2017-12-06,36
-112.495726075036,45.6881134357956,United States of America,30,20,4,6,2017-12-12,37
-112.495726075036,45.6881134357956,United States of America,24,11,3,10,2017-12-13,38
-112.495726075036,45.6881134357956,United States of America,29,17,6,6,2017-12-14,39
-112.495726075036,45.6881134357956,United States of America,34,15,8,11,2017-12-15,40
-112.495726075036,45.6881134357956,United States of America,11,3,3,5,2017-12-16,41
-112.495726075036,45.6881134357956,United States of America,11,5,1,5,2017-12-17,42
-112.495726075036,45.6881134357956,United States of America,34,19,8,7,2017-12-18,43
-112.495726075036,45.6881134357956,United States of America,25,8,4,13,2017-12-19,44
-112.495726075036,45.6881134357956,United States of America,12,5,2,5,2017-12-21,45
-112.495726075036,45.6881134357956,United States of America,16,11,2,3,2017-12-22,46
-112.495726075036,45.6881134357956,United States of America,11,5,1,5,2017-12-23,47
-112.495726075036,45.6881134357956,United States of America,8,5,1,2,2017-12-24,48
-112.495726075036,45.6881134357956,United States of America,11,8,0,3,2017-12-25,49
-112.495726075036,45.6881134357956,United States of America,29,28,0,1,2017-12-26,50
-112.495726075036,45.6881134357956,United States of America,12,7,2,3,2017-12-27,51
-112.495726075036,45.6881134357956,United States of America,11,5,3,3,2017-12-28,52
-112.495726075036,45.6881134357956,United States of America,12,4,2,6,2017-12-29,53
-112.495726075036,45.6881134357956,United States of America,11,5,2,4,2017-12-30,54
-112.495726075036,45.6881134357956,United States of America,9,4,2,3,2017-12-31,55
-112.495726075036,45.6881134357956,United States of America,5,1,2,2,2018-01-01,56
-112.495726075036,45.6881134357956,United States of America,8,3,3,2,2018-01-02,57
-112.495726075036,45.6881134357956,United States of America,24,14,3,7,2018-01-03,58
-112.495726075036,45.6881134357956,United States of America,23,12,4,7,2018-01-04,59
-112.495726075036,45.6881134357956,United States of America,2,1,0,1,2018-01-05,60
-112.495726075036,45.6881134357956,United States of America,12,6,4,2,2018-01-08,61
101.003333331525,15.1143999979388,Thailand,1,1,0,0,2017-11-20,62
101.003333331525,15.1143999979388,Thailand,1,0,0,1,2018-01-03,63
106.300935236576,16.642182843821,Vietnam,1,1,0,0,2017-11-03,64
2.65309137679737,28.1488896573306,Algeria,1,1,0,0,2017-11-30,65
4.63996050766817,50.6374616353343,Belgium,1,1,0,0,2017-11-13,66
4.63996050766817,50.6374616353343,Belgium,1,1,0,0,2017-11-21,67
4.63996050766817,50.6374616353343,Belgium,1,0,1,0,2017-11-23,68
4.63996050766817,50.6374616353343,Belgium,2,0,0,2,2017-11-24,69
4.63996050766817,50.6374616353343,Belgium,1,0,0,1,2017-11-25,70
4.63996050766817,50.6374616353343,Belgium,1,1,0,0,2017-11-26,71
4.63996050766817,50.6374616353343,Belgium,1,1,0,0,2017-11-27,72
4.63996050766817,50.6374616353343,Belgium,1,1,0,0,2017-11-28,73
4.63996050766817,50.6374616353343,Belgium,1,1,0,0,2017-11-29,74
4.63996050766817,50.6374616353343,Belgium,1,0,1,0,2017-12-06,75
4.63996050766817,50.6374616353343,Belgium,1,0,0,1,2017-12-18,76
4.63996050766817,50.6374616353343,Belgium,2,1,0,1,2017-12-19,77
4.63996050766817,50.6374616353343,Belgium,1,0,1,0,2017-12-21,78
4.63996050766817,50.6374616353343,Belgium,1,1,0,0,2017-12-22,79
4.63996050766817,50.6374616353343,Belgium,1,1,0,0,2017-12-24,80
4.63996050766817,50.6374616353343,Belgium,1,0,0,1,2017-12-26,81
4.63996050766817,50.6374616353343,Belgium,1,0,1,0,2017-12-28,82
9.55462624556344,34.1194052229303,Tunisia,1,0,0,1,2017-11-29,83
8.215353657454,46.7989568697788,Switzerland,2,2,0,0,2017-11-14,84
8.215353657454,46.7989568697788,Switzerland,1,1,0,0,2017-11-26,85
8.215353657454,46.7989568697788,Switzerland,1,1,0,0,2017-12-22,86
12.0719070927293,42.7864339963679,Italy,1,0,0,1,2017-11-14,87
12.0719070927293,42.7864339963679,Italy,1,0,1,0,2017-11-17,88
12.0719070927293,42.7864339963679,Italy,1,0,1,0,2017-11-20,89
12.0719070927293,42.7864339963679,Italy,1,1,0,0,2017-11-22,90
12.0719070927293,42.7864339963679,Italy,1,0,0,1,2017-11-26,91
12.0719070927293,42.7864339963679,Italy,4,0,2,2,2017-11-30,92
12.0719070927293,42.7864339963679,Italy,2,2,0,0,2017-12-02,93
12.0719070927293,42.7864339963679,Italy,1,0,0,1,2017-12-03,94
12.0719070927293,42.7864339963679,Italy,1,0,0,1,2017-12-04,95
12.0719070927293,42.7864339963679,Italy,2,2,0,0,2017-12-13,96
12.0719070927293,42.7864339963679,Italy,1,1,0,0,2017-12-14,97
12.0719070927293,42.7864339963679,Italy,2,2,0,0,2017-12-15,98
12.0719070927293,42.7864339963679,Italy,1,0,0,1,2017-12-16,99
12.0719070927293,42.7864339963679,Italy,1,0,1,0,2017-12-19,100
12.0719070927293,42.7864339963679,Italy,1,1,0,0,2017-12-22,101
12.0719070927293,42.7864339963679,Italy,1,1,0,0,2018-01-04,102
14.1306728873132,47.5856569205222,Austria,1,0,0,1,2017-11-06,103
14.1306728873132,47.5856569205222,Austria,1,1,0,0,2017-11-25,104
14.1306728873132,47.5856569205222,Austria,1,0,0,1,2017-12-14,105
14.1306728873132,47.5856569205222,Austria,1,0,1,0,2017-12-21,106
14.1306728873132,47.5856569205222,Austria,1,1,0,0,2017-12-30,107
14.8080896248299,46.1161109843257,Slovenia,2,1,1,0,2017-10-25,108
14.8080896248299,46.1161109843257,Slovenia,1,1,0,0,2017-10-26,109
14.8080896248299,46.1161109843257,Slovenia,1,1,0,0,2017-10-27,110
14.8080896248299,46.1161109843257,Slovenia,1,1,0,0,2017-11-13,111
14.8080896248299,46.1161109843257,Slovenia,1,1,0,0,2017-11-16,112
14.8080896248299,46.1161109843257,Slovenia,3,0,2,1,2017-11-23,113
14.8080896248299,46.1161109843257,Slovenia,4,1,0,3,2017-11-24,114
14.8080896248299,46.1161109843257,Slovenia,1,0,1,0,2017-11-27,115
14.8080896248299,46.1161109843257,Slovenia,1,0,0,1,2017-11-29,116
14.8080896248299,46.1161109843257,Slovenia,1,1,0,0,2017-12-01,117
14.8080896248299,46.1161109843257,Slovenia,1,0,0,1,2017-12-06,118
14.8080896248299,46.1161109843257,Slovenia,2,0,1,1,2017-12-14,119
14.8080896248299,46.1161109843257,Slovenia,1,0,0,1,2017-12-15,120
14.8080896248299,46.1161109843257,Slovenia,1,0,0,1,2017-12-16,121
14.8080896248299,46.1161109843257,Slovenia,1,1,0,0,2017-12-17,122
14.8080896248299,46.1161109843257,Slovenia,1,0,0,1,2017-12-18,123
14.8080896248299,46.1161109843257,Slovenia,2,1,0,1,2017-12-19,124
14.8080896248299,46.1161109843257,Slovenia,2,2,0,0,2017-12-24,125
14.8080896248299,46.1161109843257,Slovenia,1,0,0,1,2017-12-25,126
14.8080896248299,46.1161109843257,Slovenia,1,0,0,1,2017-12-26,127
14.8080896248299,46.1161109843257,Slovenia,1,1,0,0,2017-12-27,128
14.8080896248299,46.1161109843257,Slovenia,2,2,0,0,2018-01-02,129
14.8080896248299,46.1161109843257,Slovenia,1,0,0,1,2018-01-04,130
14.8080896248299,46.1161109843257,Slovenia,2,0,1,1,2018-01-08,131
10.3814938434269,51.1063634863355,Germany,1,0,1,0,2017-10-30,132
10.3814938434269,51.1063634863355,Germany,5,2,0,3,2017-11-05,133
10.3814938434269,51.1063634863355,Germany,2,2,0,0,2017-11-07,134
10.3814938434269,51.1063634863355,Germany,1,0,1,0,2017-11-17,135
10.3814938434269,51.1063634863355,Germany,1,1,0,0,2017-11-30,136
10.3814938434269,51.1063634863355,Germany,1,0,0,1,2017-12-02,137
10.3814938434269,51.1063634863355,Germany,6,3,1,2,2017-12-03,138
10.3814938434269,51.1063634863355,Germany,1,1,0,0,2017-12-14,139
10.3814938434269,51.1063634863355,Germany,1,0,0,1,2017-12-15,140
10.3814938434269,51.1063634863355,Germany,2,0,1,1,2017-12-19,141
10.3814938434269,51.1063634863355,Germany,1,0,0,1,2017-12-21,142
10.3814938434269,51.1063634863355,Germany,2,0,1,1,2017-12-22,143
15.3141031032554,49.7324482054917,Czechia,1,0,1,0,2017-10-31,144
15.3141031032554,49.7324482054917,Czechia,1,0,0,1,2017-11-21,145
15.3141031032554,49.7324482054917,Czechia,1,0,1,0,2017-12-12,146
15.3141031032554,49.7324482054917,Czechia,1,1,0,0,2018-01-03,147
15.3141031032554,49.7324482054917,Czechia,1,0,1,0,2018-01-08,148
34.9960342549435,31.4439606095816,Israel,1,1,0,0,2017-11-22,149
34.9960342549435,31.4439606095816,Israel,1,0,0,1,2018-01-03,150
22.9748189254974,39.0511811824443,Greece,4,2,0,2,2017-10-25,151
22.9748189254974,39.0511811824443,Greece,5,2,2,1,2017-10-26,152
22.9748189254974,39.0511811824443,Greece,4,1,0,3,2017-10-27,153
22.9748189254974,39.0511811824443,Greece,4,1,0,3,2017-10-30,154
22.9748189254974,39.0511811824443,Greece,2,2,0,0,2017-10-31,155
22.9748189254974,39.0511811824443,Greece,2,0,0,2,2017-11-02,156
22.9748189254974,39.0511811824443,Greece,2,2,0,0,2017-11-03,157
22.9748189254974,39.0511811824443,Greece,3,1,2,0,2017-11-05,158
22.9748189254974,39.0511811824443,Greece,2,1,1,0,2017-11-06,159
22.9748189254974,39.0511811824443,Greece,2,1,1,0,2017-11-07,160
22.9748189254974,39.0511811824443,Greece,4,1,0,3,2017-11-13,161
22.9748189254974,39.0511811824443,Greece,3,2,0,1,2017-11-14,162
22.9748189254974,39.0511811824443,Greece,3,3,0,0,2017-11-15,163
22.9748189254974,39.0511811824443,Greece,3,0,1,2,2017-11-16,164
22.9748189254974,39.0511811824443,Greece,6,2,0,4,2017-11-17,165
22.9748189254974,39.0511811824443,Greece,1,0,1,0,2017-11-20,166
22.9748189254974,39.0511811824443,Greece,4,0,2,2,2017-11-21,167
22.9748189254974,39.0511811824443,Greece,1,0,1,0,2017-11-22,168
22.9748189254974,39.0511811824443,Greece,7,2,4,1,2017-11-23,169
22.9748189254974,39.0511811824443,Greece,1,0,0,1,2017-11-24,170
22.9748189254974,39.0511811824443,Greece,5,2,1,2,2017-11-25,171
22.9748189254974,39.0511811824443,Greece,3,2,0,1,2017-11-26,172
22.9748189254974,39.0511811824443,Greece,7,4,0,3,2017-11-27,173
22.9748189254974,39.0511811824443,Greece,2,1,0,1,2017-11-28,174
22.9748189254974,39.0511811824443,Greece,5,3,2,0,2017-11-29,175
22.9748189254974,39.0511811824443,Greece,5,0,3,2,2017-11-30,176
22.9748189254974,39.0511811824443,Greece,3,2,0,1,2017-12-01,177
22.9748189254974,39.0511811824443,Greece,2,1,1,0,2017-12-02,178
22.9748189254974,39.0511811824443,Greece,4,1,1,2,2017-12-03,179
22.9748189254974,39.0511811824443,Greece,4,0,4,0,2017-12-04,180
22.9748189254974,39.0511811824443,Greece,2,1,1,0,2017-12-05,181
22.9748189254974,39.0511811824443,Greece,2,1,0,1,2017-12-06,182
22.9748189254974,39.0511811824443,Greece,5,4,0,1,2017-12-12,183
22.9748189254974,39.0511811824443,Greece,6,3,0,3,2017-12-13,184
22.9748189254974,39.0511811824443,Greece,15,6,5,4,2017-12-14,185
22.9748189254974,39.0511811824443,Greece,7,5,1,1,2017-12-15,186
22.9748189254974,39.0511811824443,Greece,1,1,0,0,2017-12-16,187
22.9748189254974,39.0511811824443,Greece,2,0,1,1,2017-12-17,188
22.9748189254974,39.0511811824443,Greece,12,7,2,3,2017-12-18,189
22.9748189254974,39.0511811824443,Greece,6,3,0,3,2017-12-19,190
22.9748189254974,39.0511811824443,Greece,3,0,0,3,2017-12-21,191
22.9748189254974,39.0511811824443,Greece,5,4,1,0,2017-12-22,192
22.9748189254974,39.0511811824443,Greece,3,2,0,1,2017-12-23,193
22.9748189254974,39.0511811824443,Greece,2,0,1,1,2017-12-24,194
22.9748189254974,39.0511811824443,Greece,3,2,1,0,2017-12-25,195
22.9748189254974,39.0511811824443,Greece,6,4,1,1,2017-12-26,196
22.9748189254974,39.0511811824443,Greece,3,1,1,1,2017-12-27,197
22.9748189254974,39.0511811824443,Greece,3,2,0,1,2017-12-28,198
22.9748189254974,39.0511811824443,Greece,3,0,0,3,2017-12-29,199
22.9748189254974,39.0511811824443,Greece,4,3,0,1,2017-12-30,200
22.9748189254974,39.0511811824443,Greece,5,4,0,1,2017-12-31,201
22.9748189254974,39.0511811824443,Greece,6,3,1,2,2018-01-02,202
22.9748189254974,39.0511811824443,Greece,6,5,0,1,2018-01-03,203
22.9748189254974,39.0511811824443,Greece,8,5,1,2,2018-01-04,204
22.9748189254974,39.0511811824443,Greece,4,2,1,1,2018-01-08,205
17.7734080203397,44.1717340564771,Bosnia and Herz.,1,1,0,0,2017-12-19,206
16.3985488378203,45.0677261679566,Croatia,1,0,0,1,2017-11-20,207
16.3985488378203,45.0677261679566,Croatia,1,0,0,1,2017-11-21,208
16.3985488378203,45.0677261679566,Croatia,1,0,1,0,2017-11-25,209
19.3967592673582,47.1632436865933,Hungary,1,0,0,1,2017-12-13,210
19.3967592673582,47.1632436865933,Hungary,1,1,0,0,2018-01-04,211
21.6838304100599,41.5950049266847,Macedonia,1,0,0,1,2017-12-17,212
20.7904024710302,44.2213759211764,Serbia,1,1,0,0,2017-10-27,213
20.7904024710302,44.2213759211764,Serbia,1,0,0,1,2017-10-30,214
20.7904024710302,44.2213759211764,Serbia,1,1,0,0,2017-11-03,215
20.7904024710302,44.2213759211764,Serbia,1,0,0,1,2017-11-05,216
20.7904024710302,44.2213759211764,Serbia,1,1,0,0,2017-11-17,217
20.7904024710302,44.2213759211764,Serbia,4,3,1,0,2017-11-24,218
20.7904024710302,44.2213759211764,Serbia,1,1,0,0,2017-12-01,219
20.7904024710302,44.2213759211764,Serbia,1,1,0,0,2017-12-03,220
20.7904024710302,44.2213759211764,Serbia,1,0,0,1,2017-12-12,221
20.7904024710302,44.2213759211764,Serbia,1,0,1,0,2017-12-13,222
20.7904024710302,44.2213759211764,Serbia,1,1,0,0,2017-12-15,223
20.7904024710302,44.2213759211764,Serbia,1,1,0,0,2017-12-19,224
20.7904024710302,44.2213759211764,Serbia,2,0,1,1,2017-12-24,225
20.7904024710302,44.2213759211764,Serbia,1,0,0,1,2017-12-28,226
20.7904024710302,44.2213759211764,Serbia,1,1,0,0,2017-12-31,227
20.7904024710302,44.2213759211764,Serbia,1,1,0,0,2018-01-02,228
20.7904024710302,44.2213759211764,Serbia,2,0,1,1,2018-01-03,229
20.7904024710302,44.2213759211764,Serbia,1,0,1,0,2018-01-08,230
25.2175125117167,42.7685226143596,Bulgaria,1,1,0,0,2017-12-14,231
25.2175125117167,42.7685226143596,Bulgaria,1,0,0,1,2017-12-16,232
24.9729418552081,45.8534640978175,Romania,2,1,0,1,2017-11-03,233
24.9729418552081,45.8534640978175,Romania,2,0,0,2,2017-11-27,234
19.3943221397647,52.1247718188737,Poland,1,0,1,0,2017-11-14,235
19.3943221397647,52.1247718188737,Poland,1,1,0,0,2017-12-06,236
19.3943221397647,52.1247718188737,Poland,1,0,1,0,2017-12-12,237
19.3943221397647,52.1247718188737,Poland,1,1,0,0,2017-12-15,238
19.3943221397647,52.1247718188737,Poland,1,1,0,0,2017-12-30,239
23.8882490157417,55.3270236411821,Lithuania,1,0,0,1,2017-11-03,240
16.7544664339316,62.7770998648441,Sweden,1,0,1,0,2017-11-27,241
31.2553061431816,49.1600782908981,Ukraine,1,0,0,1,2017-12-03,242
79.6157216256458,22.8879525194748,India,1,1,0,0,2017-11-04,243
79.6157216256458,22.8879525194748,India,1,0,0,1,2017-11-22,244
79.6157216256458,22.8879525194748,India,1,0,1,0,2017-12-15,245
90.2420000163225,23.8456773476021,Bangladesh,1,0,0,1,2017-11-14,246
90.2420000163225,23.8456773476021,Bangladesh,1,0,1,0,2017-11-22,247
90.2420000163225,23.8456773476021,Bangladesh,1,0,1,0,2017-11-24,248
114.131446886842,22.3846368940765,Hong Kong,1,1,0,0,2017-10-25,249
69.3413431056524,29.9484968260019,Pakistan,1,0,0,1,2017-11-15,250
103.831571690049,36.5601151473034,China,1,1,0,0,2017-10-31,251
103.831571690049,36.5601151473034,China,1,0,1,0,2017-11-20,252
103.831571690049,36.5601151473034,China,3,2,1,0,2017-12-18,253
137.978347609877,37.5511773936151,Japan,1,0,1,0,2017-10-26,254
137.978347609877,37.5511773936151,Japan,1,1,0,0,2017-10-30,255
137.978347609877,37.5511773936151,Japan,3,2,0,1,2017-12-18,256
137.978347609877,37.5511773936151,Japan,2,1,0,1,2017-12-19,257
137.978347609877,37.5511773936151,Japan,1,1,0,0,2017-12-23,258
26.2707950346287,64.4953589823139,Finland,1,0,0,1,2017-11-07,259
26.2707950346287,64.4953589823139,Finland,1,0,0,1,2017-12-15,260
-2.75522118992063,42.1801069806295,France,2,1,1,0,2017-10-27,261
-2.75522118992063,42.1801069806295,France,1,0,1,0,2017-10-30,262
-2.75522118992063,42.1801069806295,France,1,0,0,1,2017-11-02,263
-2.75522118992063,42.1801069806295,France,1,0,0,1,2017-11-07,264
-2.75522118992063,42.1801069806295,France,2,1,0,1,2017-11-13,265
-2.75522118992063,42.1801069806295,France,1,0,0,1,2017-11-14,266
-2.75522118992063,42.1801069806295,France,1,0,0,1,2017-11-16,267
-2.75522118992063,42.1801069806295,France,1,1,0,0,2017-11-17,268
-2.75522118992063,42.1801069806295,France,1,1,0,0,2017-11-20,269
-2.75522118992063,42.1801069806295,France,2,1,1,0,2017-11-21,270
-2.75522118992063,42.1801069806295,France,2,0,0,2,2017-11-24,271
-2.75522118992063,42.1801069806295,France,2,2,0,0,2017-11-25,272
-2.75522118992063,42.1801069806295,France,1,1,0,0,2017-11-26,273
-2.75522118992063,42.1801069806295,France,2,1,1,0,2017-11-27,274
-2.75522118992063,42.1801069806295,France,2,0,1,1,2017-11-30,275
-2.75522118992063,42.1801069806295,France,1,0,0,1,2017-12-01,276
-2.75522118992063,42.1801069806295,France,2,1,1,0,2017-12-03,277
-2.75522118992063,42.1801069806295,France,1,0,1,0,2017-12-04,278
-2.75522118992063,42.1801069806295,France,1,0,0,1,2017-12-12,279
-2.75522118992063,42.1801069806295,France,1,0,0,1,2017-12-13,280
-2.75522118992063,42.1801069806295,France,3,1,1,1,2017-12-14,281
-2.75522118992063,42.1801069806295,France,1,1,0,0,2017-12-16,282
-2.75522118992063,42.1801069806295,France,2,1,1,0,2017-12-18,283
-2.75522118992063,42.1801069806295,France,2,1,0,1,2017-12-19,284
-2.75522118992063,42.1801069806295,France,2,0,1,1,2017-12-22,285
-2.75522118992063,42.1801069806295,France,1,1,0,0,2017-12-25,286
-2.75522118992063,42.1801069806295,France,5,2,1,2,2018-01-08,287
-103.278920290524,13.3029742435553,U.S. Minor Outlying Is.,1,0,1,0,2017-11-25,288
-103.278920290524,13.3029742435553,U.S. Minor Outlying Is.,3,1,2,0,2017-12-14,289
-103.278920290524,13.3029742435553,U.S. Minor Outlying Is.,2,1,0,1,2017-12-17,290
-103.278920290524,13.3029742435553,U.S. Minor Outlying Is.,1,0,0,1,2017-12-19,291
-103.278920290524,13.3029742435553,U.S. Minor Outlying Is.,2,1,1,0,2017-12-28,292
-59.561217748118,13.1810538267802,Barbados,1,0,1,0,2017-11-16,293
-59.561217748118,13.1810538267802,Barbados,1,0,0,1,2017-11-30,294
-59.561217748118,13.1810538267802,Barbados,1,0,0,1,2017-12-15,295
-59.561217748118,13.1810538267802,Barbados,1,1,0,0,2017-12-18,296
-59.561217748118,13.1810538267802,Barbados,1,1,0,0,2018-01-03,297
-73.0838421042532,3.90941304885017,Colombia,2,1,0,1,2017-10-26,298
-73.0838421042532,3.90941304885017,Colombia,2,1,0,1,2017-10-27,299
-73.0838421042532,3.90941304885017,Colombia,1,0,0,1,2017-10-28,300
-73.0838421042532,3.90941304885017,Colombia,1,0,0,1,2017-10-30,301
-73.0838421042532,3.90941304885017,Colombia,1,0,1,0,2017-11-02,302
-73.0838421042532,3.90941304885017,Colombia,3,0,0,3,2017-11-04,303
-73.0838421042532,3.90941304885017,Colombia,1,1,0,0,2017-11-05,304
-73.0838421042532,3.90941304885017,Colombia,3,1,0,2,2017-11-06,305
-73.0838421042532,3.90941304885017,Colombia,4,0,1,3,2017-11-07,306
-73.0838421042532,3.90941304885017,Colombia,1,0,1,0,2017-11-13,307
-73.0838421042532,3.90941304885017,Colombia,3,0,1,2,2017-11-14,308
-73.0838421042532,3.90941304885017,Colombia,3,0,2,1,2017-11-17,309
-73.0838421042532,3.90941304885017,Colombia,4,1,2,1,2017-11-20,310
-73.0838421042532,3.90941304885017,Colombia,6,0,0,6,2017-11-21,311
-73.0838421042532,3.90941304885017,Colombia,11,4,4,3,2017-11-22,312
-73.0838421042532,3.90941304885017,Colombia,9,4,1,4,2017-11-23,313
-73.0838421042532,3.90941304885017,Colombia,1,0,0,1,2017-11-24,314
-73.0838421042532,3.90941304885017,Colombia,4,2,0,2,2017-11-25,315
-73.0838421042532,3.90941304885017,Colombia,4,1,1,2,2017-11-26,316
-73.0838421042532,3.90941304885017,Colombia,9,4,3,2,2017-11-27,317
-73.0838421042532,3.90941304885017,Colombia,3,1,0,2,2017-11-28,318
-73.0838421042532,3.90941304885017,Colombia,3,1,1,1,2017-11-29,319
-73.0838421042532,3.90941304885017,Colombia,1,1,0,0,2017-11-30,320
-73.0838421042532,3.90941304885017,Colombia,4,0,2,2,2017-12-01,321
-73.0838421042532,3.90941304885017,Colombia,4,2,1,1,2017-12-02,322
-73.0838421042532,3.90941304885017,Colombia,9,4,2,3,2017-12-03,323
-73.0838421042532,3.90941304885017,Colombia,4,2,1,1,2017-12-04,324
-73.0838421042532,3.90941304885017,Colombia,4,3,0,1,2017-12-05,325
-73.0838421042532,3.90941304885017,Colombia,5,4,1,0,2017-12-06,326
-73.0838421042532,3.90941304885017,Colombia,5,2,1,2,2017-12-12,327
-73.0838421042532,3.90941304885017,Colombia,4,1,1,2,2017-12-13,328
-73.0838421042532,3.90941304885017,Colombia,9,5,1,3,2017-12-14,329
-73.0838421042532,3.90941304885017,Colombia,2,0,0,2,2017-12-15,330
-73.0838421042532,3.90941304885017,Colombia,4,4,0,0,2017-12-16,331
-73.0838421042532,3.90941304885017,Colombia,5,2,0,3,2017-12-17,332
-73.0838421042532,3.90941304885017,Colombia,4,2,1,1,2017-12-18,333
-73.0838421042532,3.90941304885017,Colombia,4,2,0,2,2017-12-19,334
-73.0838421042532,3.90941304885017,Colombia,4,1,1,2,2017-12-21,335
-73.0838421042532,3.90941304885017,Colombia,14,12,0,2,2017-12-22,336
-73.0838421042532,3.90941304885017,Colombia,5,2,0,3,2017-12-23,337
-73.0838421042532,3.90941304885017,Colombia,3,3,0,0,2017-12-24,338
-73.0838421042532,3.90941304885017,Colombia,3,1,0,2,2017-12-25,339
-73.0838421042532,3.90941304885017,Colombia,3,2,0,1,2017-12-26,340
-73.0838421042532,3.90941304885017,Colombia,4,4,0,0,2017-12-27,341
-73.0838421042532,3.90941304885017,Colombia,5,2,1,2,2017-12-28,342
-73.0838421042532,3.90941304885017,Colombia,3,1,0,2,2017-12-29,343
-73.0838421042532,3.90941304885017,Colombia,2,1,0,1,2017-12-30,344
-73.0838421042532,3.90941304885017,Colombia,5,2,0,3,2017-12-31,345
-73.0838421042532,3.90941304885017,Colombia,5,4,0,1,2018-01-01,346
-73.0838421042532,3.90941304885017,Colombia,4,2,0,2,2018-01-02,347
-73.0838421042532,3.90941304885017,Colombia,4,2,0,2,2018-01-03,348
-73.0838421042532,3.90941304885017,Colombia,6,2,2,2,2018-01-04,349
-73.0838421042532,3.90941304885017,Colombia,1,1,0,0,2018-01-05,350
-73.0838421042532,3.90941304885017,Colombia,1,1,0,0,2018-01-08,351
-66.1688402630644,7.12773153698132,Venezuela,2,1,1,0,2017-10-25,352
-66.1688402630644,7.12773153698132,Venezuela,1,0,0,1,2017-10-26,353
-66.1688402630644,7.12773153698132,Venezuela,1,1,0,0,2017-11-03,354
-66.1688402630644,7.12773153698132,Venezuela,1,1,0,0,2017-11-04,355
-66.1688402630644,7.12773153698132,Venezuela,1,1,0,0,2017-11-06,356
-66.1688402630644,7.12773153698132,Venezuela,3,0,1,2,2017-11-07,357
-66.1688402630644,7.12773153698132,Venezuela,2,0,2,0,2017-11-14,358
-66.1688402630644,7.12773153698132,Venezuela,2,0,0,2,2017-11-15,359
-66.1688402630644,7.12773153698132,Venezuela,1,0,0,1,2017-11-17,360
-66.1688402630644,7.12773153698132,Venezuela,2,0,2,0,2017-11-21,361
-66.1688402630644,7.12773153698132,Venezuela,6,1,4,1,2017-11-22,362
-66.1688402630644,7.12773153698132,Venezuela,4,1,0,3,2017-11-23,363
-66.1688402630644,7.12773153698132,Venezuela,2,0,0,2,2017-11-24,364
-66.1688402630644,7.12773153698132,Venezuela,5,1,1,3,2017-11-25,365
-66.1688402630644,7.12773153698132,Venezuela,1,1,0,0,2017-11-26,366
-66.1688402630644,7.12773153698132,Venezuela,6,2,1,3,2017-11-27,367
-66.1688402630644,7.12773153698132,Venezuela,2,0,1,1,2017-11-28,368
-66.1688402630644,7.12773153698132,Venezuela,3,2,0,1,2017-11-29,369
-66.1688402630644,7.12773153698132,Venezuela,2,1,1,0,2017-11-30,370
-66.1688402630644,7.12773153698132,Venezuela,1,1,0,0,2017-12-04,371
-66.1688402630644,7.12773153698132,Venezuela,2,0,1,1,2017-12-06,372
-66.1688402630644,7.12773153698132,Venezuela,7,2,0,5,2017-12-12,373
-66.1688402630644,7.12773153698132,Venezuela,5,2,0,3,2017-12-13,374
-66.1688402630644,7.12773153698132,Venezuela,7,2,3,2,2017-12-14,375
-66.1688402630644,7.12773153698132,Venezuela,4,0,2,2,2017-12-15,376
-66.1688402630644,7.12773153698132,Venezuela,3,1,1,1,2017-12-16,377
-66.1688402630644,7.12773153698132,Venezuela,4,0,1,3,2017-12-17,378
-66.1688402630644,7.12773153698132,Venezuela,3,1,1,1,2017-12-18,379
-66.1688402630644,7.12773153698132,Venezuela,4,1,1,2,2017-12-19,380
-66.1688402630644,7.12773153698132,Venezuela,2,0,1,1,2017-12-21,381
-66.1688402630644,7.12773153698132,Venezuela,6,3,1,2,2017-12-22,382
-66.1688402630644,7.12773153698132,Venezuela,2,2,0,0,2017-12-23,383
-66.1688402630644,7.12773153698132,Venezuela,1,1,0,0,2017-12-24,384
-66.1688402630644,7.12773153698132,Venezuela,2,1,1,0,2017-12-26,385
-66.1688402630644,7.12773153698132,Venezuela,4,1,2,1,2017-12-27,386
-66.1688402630644,7.12773153698132,Venezuela,2,1,1,0,2017-12-28,387
-66.1688402630644,7.12773153698132,Venezuela,4,2,0,2,2017-12-29,388
-66.1688402630644,7.12773153698132,Venezuela,3,2,0,1,2017-12-30,389
-66.1688402630644,7.12773153698132,Venezuela,3,1,0,2,2018-01-01,390
-66.1688402630644,7.12773153698132,Venezuela,1,0,0,1,2018-01-02,391
-66.1688402630644,7.12773153698132,Venezuela,6,5,0,1,2018-01-03,392
-66.1688402630644,7.12773153698132,Venezuela,7,2,0,5,2018-01-04,393
-66.1688402630644,7.12773153698132,Venezuela,3,0,3,0,2018-01-08,394
-84.1935975600336,9.97330952025084,Costa Rica,1,1,0,0,2017-12-01,395
-84.1935975600336,9.97330952025084,Costa Rica,1,1,0,0,2017-12-24,396
-84.1935975600336,9.97330952025084,Costa Rica,1,0,1,0,2017-12-28,397
-85.0333383724441,12.8453925983617,Nicaragua,2,2,0,0,2017-10-25,398
-85.0333383724441,12.8453925983617,Nicaragua,3,0,1,2,2017-11-17,399
-85.0333383724441,12.8453925983617,Nicaragua,1,1,0,0,2017-11-26,400
-85.0333383724441,12.8453925983617,Nicaragua,2,0,1,1,2017-11-29,401
-85.0333383724441,12.8453925983617,Nicaragua,1,1,0,0,2017-12-02,402
-85.0333383724441,12.8453925983617,Nicaragua,1,1,0,0,2017-12-12,403
-85.0333383724441,12.8453925983617,Nicaragua,1,0,0,1,2017-12-13,404
-85.0333383724441,12.8453925983617,Nicaragua,1,0,0,1,2017-12-16,405
-85.0333383724441,12.8453925983617,Nicaragua,1,0,1,0,2017-12-17,406
-85.0333383724441,12.8453925983617,Nicaragua,1,1,0,0,2017-12-18,407
-85.0333383724441,12.8453925983617,Nicaragua,1,0,1,0,2017-12-19,408
-85.0333383724441,12.8453925983617,Nicaragua,1,0,1,0,2017-12-21,409
-85.0333383724441,12.8453925983617,Nicaragua,1,0,0,1,2017-12-26,410
-85.0333383724441,12.8453925983617,Nicaragua,3,1,1,1,2017-12-27,411
-85.0333383724441,12.8453925983617,Nicaragua,1,0,0,1,2018-01-01,412
-85.0333383724441,12.8453925983617,Nicaragua,2,2,0,0,2018-01-04,413
-90.3601574580593,15.6960164812409,Guatemala,1,0,0,1,2017-12-25,414
-8.39643504967285,29.841692143052,Morocco,4,2,1,1,2017-10-25,415
-8.39643504967285,29.841692143052,Morocco,1,1,0,0,2017-10-27,416
-8.39643504967285,29.841692143052,Morocco,2,0,0,2,2017-10-30,417
-8.39643504967285,29.841692143052,Morocco,1,0,1,0,2017-11-20,418
-8.39643504967285,29.841692143052,Morocco,1,0,1,0,2017-11-21,419
-8.39643504967285,29.841692143052,Morocco,2,1,0,1,2017-11-23,420
-8.39643504967285,29.841692143052,Morocco,1,0,0,1,2017-11-27,421
-8.39643504967285,29.841692143052,Morocco,1,0,0,1,2017-11-30,422
-8.39643504967285,29.841692143052,Morocco,2,0,1,1,2017-12-13,423
-8.39643504967285,29.841692143052,Morocco,1,1,0,0,2017-12-21,424
-8.39643504967285,29.841692143052,Morocco,2,0,1,1,2017-12-28,425
-8.39643504967285,29.841692143052,Morocco,6,4,1,1,2017-12-29,426
-3.65263701695228,40.2272337014188,Spain,60,29,10,21,2017-10-25,427
-3.65263701695228,40.2272337014188,Spain,39,15,11,13,2017-10-26,428
-3.65263701695228,40.2272337014188,Spain,24,13,4,7,2017-10-27,429
-3.65263701695228,40.2272337014188,Spain,36,8,12,16,2017-10-30,430
-3.65263701695228,40.2272337014188,Spain,14,1,3,10,2017-10-31,431
-3.65263701695228,40.2272337014188,Spain,20,10,4,6,2017-11-02,432
-3.65263701695228,40.2272337014188,Spain,45,22,9,14,2017-11-03,433
-3.65263701695228,40.2272337014188,Spain,16,4,5,7,2017-11-04,434
-3.65263701695228,40.2272337014188,Spain,15,14,0,1,2017-11-05,435
-3.65263701695228,40.2272337014188,Spain,32,17,6,9,2017-11-06,436
-3.65263701695228,40.2272337014188,Spain,22,11,5,6,2017-11-07,437
-3.65263701695228,40.2272337014188,Spain,11,4,2,5,2017-11-09,438
-3.65263701695228,40.2272337014188,Spain,21,12,3,6,2017-11-13,439
-3.65263701695228,40.2272337014188,Spain,50,20,12,18,2017-11-14,440
-3.65263701695228,40.2272337014188,Spain,35,17,6,12,2017-11-15,441
-3.65263701695228,40.2272337014188,Spain,32,14,10,8,2017-11-16,442
-3.65263701695228,40.2272337014188,Spain,47,26,7,14,2017-11-17,443
-3.65263701695228,40.2272337014188,Spain,22,8,6,8,2017-11-20,444
-3.65263701695228,40.2272337014188,Spain,58,20,26,12,2017-11-21,445
-3.65263701695228,40.2272337014188,Spain,45,19,10,16,2017-11-22,446
-3.65263701695228,40.2272337014188,Spain,33,18,4,11,2017-11-23,447
-3.65263701695228,40.2272337014188,Spain,25,15,4,6,2017-11-24,448
-3.65263701695228,40.2272337014188,Spain,15,9,2,4,2017-11-25,449
-3.65263701695228,40.2272337014188,Spain,22,12,2,8,2017-11-26,450
-3.65263701695228,40.2272337014188,Spain,31,18,1,12,2017-11-27,451
-3.65263701695228,40.2272337014188,Spain,47,31,6,10,2017-11-28,452
-3.65263701695228,40.2272337014188,Spain,44,22,11,11,2017-11-29,453
-3.65263701695228,40.2272337014188,Spain,68,31,7,30,2017-11-30,454
-3.65263701695228,40.2272337014188,Spain,30,15,3,12,2017-12-01,455
-3.65263701695228,40.2272337014188,Spain,27,7,10,10,2017-12-02,456
-3.65263701695228,40.2272337014188,Spain,28,12,6,10,2017-12-03,457
-3.65263701695228,40.2272337014188,Spain,36,15,3,18,2017-12-04,458
-3.65263701695228,40.2272337014188,Spain,20,12,4,4,2017-12-05,459
-3.65263701695228,40.2272337014188,Spain,14,8,2,4,2017-12-06,460
-3.65263701695228,40.2272337014188,Spain,45,29,8,8,2017-12-12,461
-3.65263701695228,40.2272337014188,Spain,65,36,10,19,2017-12-13,462
-3.65263701695228,40.2272337014188,Spain,106,45,26,35,2017-12-14,463
-3.65263701695228,40.2272337014188,Spain,70,29,20,21,2017-12-15,464
-3.65263701695228,40.2272337014188,Spain,25,13,3,9,2017-12-16,465
-3.65263701695228,40.2272337014188,Spain,34,13,3,18,2017-12-17,466
-3.65263701695228,40.2272337014188,Spain,48,21,11,16,2017-12-18,467
-3.65263701695228,40.2272337014188,Spain,61,24,9,28,2017-12-19,468
-3.65263701695228,40.2272337014188,Spain,12,6,2,4,2017-12-21,469
-3.65263701695228,40.2272337014188,Spain,35,16,5,14,2017-12-22,470
-3.65263701695228,40.2272337014188,Spain,24,19,2,3,2017-12-23,471
-3.65263701695228,40.2272337014188,Spain,20,17,2,1,2017-12-24,472
-3.65263701695228,40.2272337014188,Spain,24,13,9,2,2017-12-25,473
-3.65263701695228,40.2272337014188,Spain,30,17,4,9,2017-12-26,474
-3.65263701695228,40.2272337014188,Spain,30,15,6,9,2017-12-27,475
-3.65263701695228,40.2272337014188,Spain,31,16,6,9,2017-12-28,476
-3.65263701695228,40.2272337014188,Spain,32,15,5,12,2017-12-29,477
-3.65263701695228,40.2272337014188,Spain,13,8,2,3,2017-12-30,478
-3.65263701695228,40.2272337014188,Spain,11,7,2,2,2017-12-31,479
-3.65263701695228,40.2272337014188,Spain,20,9,3,8,2018-01-01,480
-3.65263701695228,40.2272337014188,Spain,32,16,7,9,2018-01-02,481
-3.65263701695228,40.2272337014188,Spain,41,22,10,9,2018-01-03,482
-3.65263701695228,40.2272337014188,Spain,57,35,7,15,2018-01-04,483
-3.65263701695228,40.2272337014188,Spain,1,0,0,1,2018-01-05,484
-3.65263701695228,40.2272337014188,Spain,38,18,10,10,2018-01-08,485
-2.88695151937498,54.1470481882281,United Kingdom,2,1,1,0,2017-10-25,486
-2.88695151937498,54.1470481882281,United Kingdom,2,2,0,0,2017-10-26,487
-2.88695151937498,54.1470481882281,United Kingdom,3,2,1,0,2017-10-30,488
-2.88695151937498,54.1470481882281,United Kingdom,1,0,1,0,2017-10-31,489
-2.88695151937498,54.1470481882281,United Kingdom,1,0,0,1,2017-11-02,490
-2.88695151937498,54.1470481882281,United Kingdom,2,0,0,2,2017-11-03,491
-2.88695151937498,54.1470481882281,United Kingdom,1,1,0,0,2017-11-04,492
-2.88695151937498,54.1470481882281,United Kingdom,1,0,0,1,2017-11-05,493
-2.88695151937498,54.1470481882281,United Kingdom,1,1,0,0,2017-11-06,494
-2.88695151937498,54.1470481882281,United Kingdom,1,0,1,0,2017-11-09,495
-2.88695151937498,54.1470481882281,United Kingdom,1,0,0,1,2017-11-13,496
-2.88695151937498,54.1470481882281,United Kingdom,1,0,0,1,2017-11-14,497
-2.88695151937498,54.1470481882281,United Kingdom,3,2,0,1,2017-11-15,498
-2.88695151937498,54.1470481882281,United Kingdom,5,3,2,0,2017-11-16,499
-2.88695151937498,54.1470481882281,United Kingdom,1,0,0,1,2017-11-20,500
-2.88695151937498,54.1470481882281,United Kingdom,1,0,0,1,2017-11-21,501
-2.88695151937498,54.1470481882281,United Kingdom,1,0,0,1,2017-11-22,502
-2.88695151937498,54.1470481882281,United Kingdom,8,5,0,3,2017-11-23,503
-2.88695151937498,54.1470481882281,United Kingdom,2,1,0,1,2017-11-24,504
-2.88695151937498,54.1470481882281,United Kingdom,2,0,1,1,2017-11-25,505
-2.88695151937498,54.1470481882281,United Kingdom,2,1,0,1,2017-11-26,506
-2.88695151937498,54.1470481882281,United Kingdom,5,4,1,0,2017-11-27,507
-2.88695151937498,54.1470481882281,United Kingdom,5,2,2,1,2017-11-28,508
-2.88695151937498,54.1470481882281,United Kingdom,2,2,0,0,2017-11-29,509
-2.88695151937498,54.1470481882281,United Kingdom,7,2,0,5,2017-11-30,510
-2.88695151937498,54.1470481882281,United Kingdom,1,1,0,0,2017-12-01,511
-2.88695151937498,54.1470481882281,United Kingdom,1,1,0,0,2017-12-02,512
-2.88695151937498,54.1470481882281,United Kingdom,2,0,1,1,2017-12-03,513
-2.88695151937498,54.1470481882281,United Kingdom,1,0,1,0,2017-12-04,514
-2.88695151937498,54.1470481882281,United Kingdom,6,4,1,1,2017-12-12,515
-2.88695151937498,54.1470481882281,United Kingdom,2,2,0,0,2017-12-13,516
-2.88695151937498,54.1470481882281,United Kingdom,2,1,0,1,2017-12-14,517
-2.88695151937498,54.1470481882281,United Kingdom,3,2,1,0,2017-12-15,518
-2.88695151937498,54.1470481882281,United Kingdom,2,1,0,1,2017-12-16,519
-2.88695151937498,54.1470481882281,United Kingdom,1,1,0,0,2017-12-17,520
-2.88695151937498,54.1470481882281,United Kingdom,6,3,3,0,2017-12-18,521
-2.88695151937498,54.1470481882281,United Kingdom,4,4,0,0,2017-12-19,522
-2.88695151937498,54.1470481882281,United Kingdom,3,2,0,1,2017-12-21,523
-2.88695151937498,54.1470481882281,United Kingdom,7,5,0,2,2017-12-22,524
-2.88695151937498,54.1470481882281,United Kingdom,5,1,2,2,2017-12-23,525
-2.88695151937498,54.1470481882281,United Kingdom,2,2,0,0,2017-12-24,526
-2.88695151937498,54.1470481882281,United Kingdom,3,1,1,1,2017-12-25,527
-2.88695151937498,54.1470481882281,United Kingdom,3,0,1,2,2017-12-26,528
-2.88695151937498,54.1470481882281,United Kingdom,8,3,4,1,2017-12-27,529
-2.88695151937498,54.1470481882281,United Kingdom,1,0,0,1,2017-12-28,530
-2.88695151937498,54.1470481882281,United Kingdom,2,0,1,1,2017-12-29,531
-2.88695151937498,54.1470481882281,United Kingdom,1,0,1,0,2017-12-31,532
-2.88695151937498,54.1470481882281,United Kingdom,3,2,0,1,2018-01-01,533
-2.88695151937498,54.1470481882281,United Kingdom,3,1,0,2,2018-01-02,534
-2.88695151937498,54.1470481882281,United Kingdom,6,2,2,2,2018-01-03,535
-2.88695151937498,54.1470481882281,United Kingdom,1,0,0,1,2018-01-04,536
-2.88695151937498,54.1470481882281,United Kingdom,3,2,1,0,2018-01-08,537
-8.14504467255118,53.1782213727137,Ireland,1,1,0,0,2017-10-26,538
-8.14504467255118,53.1782213727137,Ireland,1,0,0,1,2017-10-30,539
-8.14504467255118,53.1782213727137,Ireland,1,1,0,0,2017-11-03,540
-8.14504467255118,53.1782213727137,Ireland,1,0,0,1,2017-11-21,541
-8.14504467255118,53.1782213727137,Ireland,5,2,0,3,2017-11-23,542
-8.14504467255118,53.1782213727137,Ireland,1,0,0,1,2017-11-24,543
-8.14504467255118,53.1782213727137,Ireland,1,1,0,0,2017-11-26,544
-8.14504467255118,53.1782213727137,Ireland,1,1,0,0,2017-11-29,545
-8.14504467255118,53.1782213727137,Ireland,1,0,1,0,2017-11-30,546
-8.14504467255118,53.1782213727137,Ireland,1,0,0,1,2017-12-12,547
-8.14504467255118,53.1782213727137,Ireland,2,1,1,0,2017-12-14,548
-8.14504467255118,53.1782213727137,Ireland,1,0,1,0,2017-12-15,549
-8.14504467255118,53.1782213727137,Ireland,2,1,1,0,2017-12-18,550
-8.14504467255118,53.1782213727137,Ireland,1,0,1,0,2017-12-19,551
-8.14504467255118,53.1782213727137,Ireland,1,1,0,0,2017-12-23,552
-8.14504467255118,53.1782213727137,Ireland,1,1,0,0,2017-12-27,553
-8.14504467255118,53.1782213727137,Ireland,1,1,0,0,2017-12-29,554
-8.14504467255118,53.1782213727137,Ireland,1,1,0,0,2017-12-30,555
-8.14504467255118,53.1782213727137,Ireland,2,0,0,2,2018-01-02,556
-8.14504467255118,53.1782213727137,Ireland,3,1,1,1,2018-01-03,557
-62.8326196248882,17.9055845218492,St-Barth√©lemy,1,0,0,1,2017-11-17,558
-8.59083758900591,39.5871468638992,Portugal,2,0,0,2,2017-10-30,559
-8.59083758900591,39.5871468638992,Portugal,2,0,1,1,2017-11-03,560
-8.59083758900591,39.5871468638992,Portugal,1,1,0,0,2017-11-15,561
-8.59083758900591,39.5871468638992,Portugal,1,0,0,1,2017-11-20,562
-8.59083758900591,39.5871468638992,Portugal,1,0,1,0,2017-11-22,563
-8.59083758900591,39.5871468638992,Portugal,1,1,0,0,2017-11-23,564
-8.59083758900591,39.5871468638992,Portugal,1,0,1,0,2017-11-26,565
-8.59083758900591,39.5871468638992,Portugal,2,2,0,0,2017-11-28,566
-8.59083758900591,39.5871468638992,Portugal,1,1,0,0,2017-12-02,567
-8.59083758900591,39.5871468638992,Portugal,2,2,0,0,2017-12-12,568
-8.59083758900591,39.5871468638992,Portugal,2,1,1,0,2017-12-14,569
-8.59083758900591,39.5871468638992,Portugal,2,1,1,0,2017-12-15,570
-8.59083758900591,39.5871468638992,Portugal,2,0,0,2,2017-12-19,571
-8.59083758900591,39.5871468638992,Portugal,1,0,0,1,2017-12-24,572
-8.59083758900591,39.5871468638992,Portugal,2,2,0,0,2017-12-27,573
-8.59083758900591,39.5871468638992,Portugal,1,0,0,1,2018-01-03,574
5.21681420919571,52.0697916543511,Netherlands,4,3,0,1,2017-10-25,575
5.21681420919571,52.0697916543511,Netherlands,2,0,1,1,2017-10-26,576
5.21681420919571,52.0697916543511,Netherlands,2,0,1,1,2017-10-27,577
5.21681420919571,52.0697916543511,Netherlands,4,3,0,1,2017-10-30,578
5.21681420919571,52.0697916543511,Netherlands,3,2,0,1,2017-10-31,579
5.21681420919571,52.0697916543511,Netherlands,3,2,0,1,2017-11-02,580
5.21681420919571,52.0697916543511,Netherlands,5,4,0,1,2017-11-03,581
5.21681420919571,52.0697916543511,Netherlands,6,3,3,0,2017-11-04,582
5.21681420919571,52.0697916543511,Netherlands,5,3,1,1,2017-11-05,583
5.21681420919571,52.0697916543511,Netherlands,3,1,0,2,2017-11-06,584
5.21681420919571,52.0697916543511,Netherlands,5,1,1,3,2017-11-07,585
5.21681420919571,52.0697916543511,Netherlands,1,0,1,0,2017-11-13,586
5.21681420919571,52.0697916543511,Netherlands,2,0,2,0,2017-11-14,587
5.21681420919571,52.0697916543511,Netherlands,5,4,0,1,2017-11-15,588
5.21681420919571,52.0697916543511,Netherlands,6,2,4,0,2017-11-16,589
5.21681420919571,52.0697916543511,Netherlands,3,3,0,0,2017-11-20,590
5.21681420919571,52.0697916543511,Netherlands,6,3,1,2,2017-11-21,591
5.21681420919571,52.0697916543511,Netherlands,5,2,1,2,2017-11-22,592
5.21681420919571,52.0697916543511,Netherlands,7,4,2,1,2017-11-23,593
5.21681420919571,52.0697916543511,Netherlands,8,3,2,3,2017-11-24,594
5.21681420919571,52.0697916543511,Netherlands,3,2,1,0,2017-11-25,595
5.21681420919571,52.0697916543511,Netherlands,3,1,2,0,2017-11-26,596
5.21681420919571,52.0697916543511,Netherlands,8,5,2,1,2017-11-27,597
5.21681420919571,52.0697916543511,Netherlands,3,3,0,0,2017-11-28,598
5.21681420919571,52.0697916543511,Netherlands,5,3,1,1,2017-11-29,599
5.21681420919571,52.0697916543511,Netherlands,7,3,2,2,2017-11-30,600
5.21681420919571,52.0697916543511,Netherlands,4,3,0,1,2017-12-01,601
5.21681420919571,52.0697916543511,Netherlands,2,2,0,0,2017-12-02,602
5.21681420919571,52.0697916543511,Netherlands,3,2,0,1,2017-12-03,603
5.21681420919571,52.0697916543511,Netherlands,4,2,1,1,2017-12-04,604
5.21681420919571,52.0697916543511,Netherlands,3,2,0,1,2017-12-05,605
5.21681420919571,52.0697916543511,Netherlands,6,3,1,2,2017-12-06,606
5.21681420919571,52.0697916543511,Netherlands,5,4,0,1,2017-12-12,607
5.21681420919571,52.0697916543511,Netherlands,13,11,1,1,2017-12-13,608
5.21681420919571,52.0697916543511,Netherlands,10,4,4,2,2017-12-14,609
5.21681420919571,52.0697916543511,Netherlands,3,3,0,0,2017-12-15,610
5.21681420919571,52.0697916543511,Netherlands,2,0,1,1,2017-12-16,611
5.21681420919571,52.0697916543511,Netherlands,3,2,0,1,2017-12-17,612
5.21681420919571,52.0697916543511,Netherlands,4,2,1,1,2017-12-18,613
5.21681420919571,52.0697916543511,Netherlands,2,0,1,1,2017-12-19,614
5.21681420919571,52.0697916543511,Netherlands,5,4,0,1,2017-12-22,615
5.21681420919571,52.0697916543511,Netherlands,2,0,0,2,2017-12-23,616
5.21681420919571,52.0697916543511,Netherlands,3,2,1,0,2017-12-24,617
5.21681420919571,52.0697916543511,Netherlands,2,1,0,1,2017-12-26,618
5.21681420919571,52.0697916543511,Netherlands,3,1,1,1,2017-12-27,619
5.21681420919571,52.0697916543511,Netherlands,5,3,0,2,2017-12-28,620
5.21681420919571,52.0697916543511,Netherlands,2,1,0,1,2017-12-29,621
5.21681420919571,52.0697916543511,Netherlands,2,1,0,1,2017-12-30,622
5.21681420919571,52.0697916543511,Netherlands,3,1,1,1,2017-12-31,623
5.21681420919571,52.0697916543511,Netherlands,1,0,0,1,2018-01-01,624
5.21681420919571,52.0697916543511,Netherlands,4,1,0,3,2018-01-02,625
5.21681420919571,52.0697916543511,Netherlands,9,5,1,3,2018-01-03,626
5.21681420919571,52.0697916543511,Netherlands,6,4,1,1,2018-01-04,627
5.21681420919571,52.0697916543511,Netherlands,4,2,2,0,2018-01-08,628
-66.46760029282,18.2238164654078,Puerto Rico,1,0,1,0,2017-12-05,629
-102.530307873528,23.949171200329,Mexico,1,1,0,0,2017-10-25,630
-102.530307873528,23.949171200329,Mexico,3,2,1,0,2017-10-27,631
-102.530307873528,23.949171200329,Mexico,2,0,1,1,2017-10-30,632
-102.530307873528,23.949171200329,Mexico,1,0,1,0,2017-10-31,633
-102.530307873528,23.949171200329,Mexico,1,0,0,1,2017-11-02,634
-102.530307873528,23.949171200329,Mexico,1,1,0,0,2017-11-03,635
-102.530307873528,23.949171200329,Mexico,2,0,0,2,2017-11-05,636
-102.530307873528,23.949171200329,Mexico,4,1,2,1,2017-11-06,637
-102.530307873528,23.949171200329,Mexico,2,2,0,0,2017-11-13,638
-102.530307873528,23.949171200329,Mexico,2,1,1,0,2017-11-16,639
-102.530307873528,23.949171200329,Mexico,4,3,1,0,2017-11-17,640
-102.530307873528,23.949171200329,Mexico,5,2,0,3,2017-11-20,641
-102.530307873528,23.949171200329,Mexico,8,3,3,2,2017-11-21,642
-102.530307873528,23.949171200329,Mexico,1,1,0,0,2017-11-22,643
-102.530307873528,23.949171200329,Mexico,2,0,1,1,2017-11-23,644
-102.530307873528,23.949171200329,Mexico,2,1,0,1,2017-11-25,645
-102.530307873528,23.949171200329,Mexico,3,0,1,2,2017-11-27,646
-102.530307873528,23.949171200329,Mexico,2,2,0,0,2017-11-28,647
-102.530307873528,23.949171200329,Mexico,3,0,1,2,2017-11-29,648
-102.530307873528,23.949171200329,Mexico,4,0,2,2,2017-11-30,649
-102.530307873528,23.949171200329,Mexico,2,1,0,1,2017-12-01,650
-102.530307873528,23.949171200329,Mexico,4,2,1,1,2017-12-04,651
-102.530307873528,23.949171200329,Mexico,3,3,0,0,2017-12-05,652
-102.530307873528,23.949171200329,Mexico,1,1,0,0,2017-12-06,653
-102.530307873528,23.949171200329,Mexico,5,4,0,1,2017-12-12,654
-102.530307873528,23.949171200329,Mexico,3,2,0,1,2017-12-13,655
-102.530307873528,23.949171200329,Mexico,2,0,2,0,2017-12-14,656
-102.530307873528,23.949171200329,Mexico,3,2,0,1,2017-12-15,657
-102.530307873528,23.949171200329,Mexico,2,0,1,1,2017-12-16,658
-102.530307873528,23.949171200329,Mexico,1,1,0,0,2017-12-18,659
-102.530307873528,23.949171200329,Mexico,3,0,1,2,2017-12-19,660
-102.530307873528,23.949171200329,Mexico,6,6,0,0,2017-12-21,661
-102.530307873528,23.949171200329,Mexico,1,1,0,0,2017-12-22,662
-102.530307873528,23.949171200329,Mexico,3,2,0,1,2017-12-23,663
-102.530307873528,23.949171200329,Mexico,3,0,1,2,2017-12-27,664
-102.530307873528,23.949171200329,Mexico,1,1,0,0,2017-12-28,665
-102.530307873528,23.949171200329,Mexico,1,0,0,1,2017-12-29,666
-102.530307873528,23.949171200329,Mexico,1,0,1,0,2017-12-31,667
-102.530307873528,23.949171200329,Mexico,3,1,0,2,2018-01-01,668
-102.530307873528,23.949171200329,Mexico,3,0,1,2,2018-01-02,669
-102.530307873528,23.949171200329,Mexico,5,3,0,2,2018-01-03,670
-102.530307873528,23.949171200329,Mexico,5,2,0,3,2018-01-04,671
-98.2939043084674,61.3764628025417,Canada,1,1,0,0,2017-11-13,672
-98.2939043084674,61.3764628025417,Canada,1,0,1,0,2017-11-15,673
-98.2939043084674,61.3764628025417,Canada,1,1,0,0,2017-11-17,674
-98.2939043084674,61.3764628025417,Canada,2,0,0,2,2017-11-20,675
-98.2939043084674,61.3764628025417,Canada,1,0,0,1,2017-11-23,676
-98.2939043084674,61.3764628025417,Canada,1,0,0,1,2017-11-26,677
-98.2939043084674,61.3764628025417,Canada,1,0,1,0,2017-11-27,678
-98.2939043084674,61.3764628025417,Canada,2,1,0,1,2017-11-28,679
-98.2939043084674,61.3764628025417,Canada,1,1,0,0,2017-12-02,680
-98.2939043084674,61.3764628025417,Canada,1,1,0,0,2017-12-04,681
-98.2939043084674,61.3764628025417,Canada,7,3,2,2,2017-12-05,682
-98.2939043084674,61.3764628025417,Canada,1,0,1,0,2017-12-06,683
-98.2939043084674,61.3764628025417,Canada,1,0,1,0,2017-12-12,684
-98.2939043084674,61.3764628025417,Canada,1,0,0,1,2017-12-15,685
-98.2939043084674,61.3764628025417,Canada,2,1,0,1,2017-12-19,686
-98.2939043084674,61.3764628025417,Canada,1,0,0,1,2017-12-22,687
-98.2939043084674,61.3764628025417,Canada,1,0,1,0,2017-12-23,688
-98.2939043084674,61.3764628025417,Canada,1,1,0,0,2017-12-29,689
-98.2939043084674,61.3764628025417,Canada,1,0,1,0,2017-12-30,690
-98.2939043084674,61.3764628025417,Canada,2,0,1,1,2018-01-01,691
-98.2939043084674,61.3764628025417,Canada,2,1,0,1,2018-01-04,692
-41.3457393667502,74.7359906215611,Greenland,4,1,1,2,2017-10-25,693
-41.3457393667502,74.7359906215611,Greenland,5,2,1,2,2017-10-26,694
-41.3457393667502,74.7359906215611,Greenland,5,3,0,2,2017-10-27,695
-41.3457393667502,74.7359906215611,Greenland,7,5,0,2,2017-10-30,696
-41.3457393667502,74.7359906215611,Greenland,5,3,1,1,2017-10-31,697
-41.3457393667502,74.7359906215611,Greenland,2,0,1,1,2017-11-02,698
-41.3457393667502,74.7359906215611,Greenland,2,1,0,1,2017-11-03,699
-41.3457393667502,74.7359906215611,Greenland,4,2,0,2,2017-11-04,700
-41.3457393667502,74.7359906215611,Greenland,2,1,1,0,2017-11-05,701
-41.3457393667502,74.7359906215611,Greenland,3,2,0,1,2017-11-06,702
-41.3457393667502,74.7359906215611,Greenland,7,4,2,1,2017-11-07,703
-41.3457393667502,74.7359906215611,Greenland,5,3,0,2,2017-11-13,704
-41.3457393667502,74.7359906215611,Greenland,1,1,0,0,2017-11-14,705
-41.3457393667502,74.7359906215611,Greenland,2,1,0,1,2017-11-15,706
-41.3457393667502,74.7359906215611,Greenland,2,1,0,1,2017-11-16,707
-41.3457393667502,74.7359906215611,Greenland,3,2,1,0,2017-11-17,708
-41.3457393667502,74.7359906215611,Greenland,3,2,1,0,2017-11-20,709
-41.3457393667502,74.7359906215611,Greenland,8,5,2,1,2017-11-21,710
-41.3457393667502,74.7359906215611,Greenland,5,2,2,1,2017-11-22,711
-41.3457393667502,74.7359906215611,Greenland,2,0,0,2,2017-11-23,712
-41.3457393667502,74.7359906215611,Greenland,3,1,0,2,2017-11-24,713
-41.3457393667502,74.7359906215611,Greenland,3,2,0,1,2017-11-25,714
-41.3457393667502,74.7359906215611,Greenland,4,1,1,2,2017-11-26,715
-41.3457393667502,74.7359906215611,Greenland,2,1,0,1,2017-11-27,716
-41.3457393667502,74.7359906215611,Greenland,4,2,1,1,2017-11-28,717
-41.3457393667502,74.7359906215611,Greenland,7,5,1,1,2017-11-29,718
-41.3457393667502,74.7359906215611,Greenland,8,3,2,3,2017-11-30,719
-41.3457393667502,74.7359906215611,Greenland,3,2,0,1,2017-12-01,720
-41.3457393667502,74.7359906215611,Greenland,1,1,0,0,2017-12-02,721
-41.3457393667502,74.7359906215611,Greenland,1,0,1,0,2017-12-03,722
-41.3457393667502,74.7359906215611,Greenland,1,0,0,1,2017-12-04,723
-41.3457393667502,74.7359906215611,Greenland,4,2,0,2,2017-12-05,724
-41.3457393667502,74.7359906215611,Greenland,6,4,0,2,2017-12-06,725
-41.3457393667502,74.7359906215611,Greenland,7,6,0,1,2017-12-12,726
-41.3457393667502,74.7359906215611,Greenland,4,3,0,1,2017-12-13,727
-41.3457393667502,74.7359906215611,Greenland,14,7,4,3,2017-12-14,728
-41.3457393667502,74.7359906215611,Greenland,11,7,3,1,2017-12-15,729
-41.3457393667502,74.7359906215611,Greenland,2,1,1,0,2017-12-17,730
-41.3457393667502,74.7359906215611,Greenland,3,2,0,1,2017-12-18,731
-41.3457393667502,74.7359906215611,Greenland,9,6,2,1,2017-12-19,732
-41.3457393667502,74.7359906215611,Greenland,4,4,0,0,2017-12-21,733
-41.3457393667502,74.7359906215611,Greenland,3,1,0,2,2017-12-22,734
-41.3457393667502,74.7359906215611,Greenland,5,3,1,1,2017-12-23,735
-41.3457393667502,74.7359906215611,Greenland,3,2,1,0,2017-12-24,736
-41.3457393667502,74.7359906215611,Greenland,4,3,0,1,2017-12-25,737
-41.3457393667502,74.7359906215611,Greenland,4,2,1,1,2017-12-26,738
-41.3457393667502,74.7359906215611,Greenland,5,4,1,0,2017-12-27,739
-41.3457393667502,74.7359906215611,Greenland,3,2,0,1,2017-12-28,740
-41.3457393667502,74.7359906215611,Greenland,1,1,0,0,2017-12-29,741
-41.3457393667502,74.7359906215611,Greenland,5,4,1,0,2017-12-30,742
-41.3457393667502,74.7359906215611,Greenland,6,1,1,4,2018-01-02,743
-41.3457393667502,74.7359906215611,Greenland,8,6,1,1,2018-01-03,744
-41.3457393667502,74.7359906215611,Greenland,9,7,1,1,2018-01-04,745
-41.3457393667502,74.7359906215611,Greenland,4,2,2,0,2018-01-08,746
171.470690682136,-41.8295221695514,New Zealand,1,1,0,0,2017-12-27,747
117.270433339165,-2.22296100251739,Indonesia,1,0,1,0,2017-12-18,748
117.270433339165,-2.22296100251739,Indonesia,1,0,0,1,2017-12-23,749
23.6451136542337,-2.87979987323094,Dem. Rep. Congo,2,1,1,0,2017-11-23,750
23.6451136542337,-2.87979987323094,Dem. Rep. Congo,1,0,1,0,2017-11-24,751
23.6451136542337,-2.87979987323094,Dem. Rep. Congo,1,0,0,1,2017-12-04,752
23.6451136542337,-2.87979987323094,Dem. Rep. Congo,1,1,0,0,2017-12-12,753
23.6451136542337,-2.87979987323094,Dem. Rep. Congo,2,0,2,0,2017-12-14,754
23.6451136542337,-2.87979987323094,Dem. Rep. Congo,1,1,0,0,2017-12-18,755
23.6451136542337,-2.87979987323094,Dem. Rep. Congo,3,1,0,2,2017-12-19,756
23.6451136542337,-2.87979987323094,Dem. Rep. Congo,1,0,0,1,2017-12-22,757
23.6451136542337,-2.87979987323094,Dem. Rep. Congo,1,0,0,1,2017-12-27,758
25.0873644352381,-29.0010321782535,South Africa,1,0,1,0,2017-11-06,759
134.4911187878,-25.7323105390559,Australia,1,0,0,1,2017-12-14,760
-78.7722823112048,-1.42624147361028,Ecuador,1,0,1,0,2017-10-26,761
-78.7722823112048,-1.42624147361028,Ecuador,1,0,0,1,2017-10-28,762
-78.7722823112048,-1.42624147361028,Ecuador,1,1,0,0,2017-11-02,763
-78.7722823112048,-1.42624147361028,Ecuador,1,1,0,0,2017-11-03,764
-78.7722823112048,-1.42624147361028,Ecuador,2,1,0,1,2017-11-05,765
-78.7722823112048,-1.42624147361028,Ecuador,1,1,0,0,2017-11-14,766
-78.7722823112048,-1.42624147361028,Ecuador,1,1,0,0,2017-11-16,767
-78.7722823112048,-1.42624147361028,Ecuador,2,0,0,2,2017-11-17,768
-78.7722823112048,-1.42624147361028,Ecuador,3,1,2,0,2017-11-21,769
-78.7722823112048,-1.42624147361028,Ecuador,3,1,2,0,2017-11-22,770
-78.7722823112048,-1.42624147361028,Ecuador,1,0,0,1,2017-11-23,771
-78.7722823112048,-1.42624147361028,Ecuador,2,0,0,2,2017-11-24,772
-78.7722823112048,-1.42624147361028,Ecuador,1,1,0,0,2017-11-26,773
-78.7722823112048,-1.42624147361028,Ecuador,2,0,0,2,2017-11-27,774
-78.7722823112048,-1.42624147361028,Ecuador,1,1,0,0,2017-12-02,775
-78.7722823112048,-1.42624147361028,Ecuador,1,0,0,1,2017-12-04,776
-78.7722823112048,-1.42624147361028,Ecuador,4,1,0,3,2017-12-05,777
-78.7722823112048,-1.42624147361028,Ecuador,3,2,0,1,2017-12-12,778
-78.7722823112048,-1.42624147361028,Ecuador,1,0,1,0,2017-12-13,779
-78.7722823112048,-1.42624147361028,Ecuador,4,1,1,2,2017-12-14,780
-78.7722823112048,-1.42624147361028,Ecuador,2,0,0,2,2017-12-17,781
-78.7722823112048,-1.42624147361028,Ecuador,1,1,0,0,2017-12-18,782
-78.7722823112048,-1.42624147361028,Ecuador,1,1,0,0,2017-12-26,783
-78.7722823112048,-1.42624147361028,Ecuador,1,0,0,1,2017-12-27,784
-78.7722823112048,-1.42624147361028,Ecuador,1,0,0,1,2017-12-28,785
-78.7722823112048,-1.42624147361028,Ecuador,3,1,0,2,2018-01-03,786
-78.7722823112048,-1.42624147361028,Ecuador,1,1,0,0,2018-01-08,787
-53.0924823507096,-10.7808588509304,Brazil,1,0,0,1,2017-10-25,788
-53.0924823507096,-10.7808588509304,Brazil,1,1,0,0,2017-10-26,789
-53.0924823507096,-10.7808588509304,Brazil,2,1,1,0,2017-10-30,790
-53.0924823507096,-10.7808588509304,Brazil,3,2,1,0,2017-11-04,791
-53.0924823507096,-10.7808588509304,Brazil,2,0,1,1,2017-11-05,792
-53.0924823507096,-10.7808588509304,Brazil,3,2,1,0,2017-11-06,793
-53.0924823507096,-10.7808588509304,Brazil,2,2,0,0,2017-11-14,794
-53.0924823507096,-10.7808588509304,Brazil,1,1,0,0,2017-11-16,795
-53.0924823507096,-10.7808588509304,Brazil,2,0,1,1,2017-11-17,796
-53.0924823507096,-10.7808588509304,Brazil,2,0,2,0,2017-11-20,797
-53.0924823507096,-10.7808588509304,Brazil,2,0,0,2,2017-11-21,798
-53.0924823507096,-10.7808588509304,Brazil,2,0,0,2,2017-11-22,799
-53.0924823507096,-10.7808588509304,Brazil,1,0,0,1,2017-11-23,800
-53.0924823507096,-10.7808588509304,Brazil,1,0,1,0,2017-11-24,801
-53.0924823507096,-10.7808588509304,Brazil,1,0,1,0,2017-11-27,802
-53.0924823507096,-10.7808588509304,Brazil,1,1,0,0,2017-11-28,803
-53.0924823507096,-10.7808588509304,Brazil,1,0,0,1,2017-11-30,804
-53.0924823507096,-10.7808588509304,Brazil,2,1,0,1,2017-12-03,805
-53.0924823507096,-10.7808588509304,Brazil,1,0,1,0,2017-12-04,806
-53.0924823507096,-10.7808588509304,Brazil,4,3,0,1,2017-12-13,807
-53.0924823507096,-10.7808588509304,Brazil,2,2,0,0,2017-12-14,808
-53.0924823507096,-10.7808588509304,Brazil,1,1,0,0,2017-12-15,809
-53.0924823507096,-10.7808588509304,Brazil,4,4,0,0,2017-12-18,810
-53.0924823507096,-10.7808588509304,Brazil,2,1,0,1,2017-12-19,811
-53.0924823507096,-10.7808588509304,Brazil,1,0,0,1,2017-12-23,812
-53.0924823507096,-10.7808588509304,Brazil,1,1,0,0,2017-12-25,813
-53.0924823507096,-10.7808588509304,Brazil,2,1,0,1,2017-12-27,814
-53.0924823507096,-10.7808588509304,Brazil,2,1,1,0,2017-12-28,815
-53.0924823507096,-10.7808588509304,Brazil,1,0,0,1,2017-12-31,816
-53.0924823507096,-10.7808588509304,Brazil,2,1,1,0,2018-01-03,817
-53.0924823507096,-10.7808588509304,Brazil,1,0,0,1,2018-01-04,818
-53.0924823507096,-10.7808588509304,Brazil,1,1,0,0,2018-01-05,819
-53.0924823507096,-10.7808588509304,Brazil,2,1,0,1,2018-01-08,820
-74.3780645721071,-9.15438848075216,Peru,1,0,0,1,2017-10-26,821
-74.3780645721071,-9.15438848075216,Peru,1,0,1,0,2017-10-27,822
-74.3780645721071,-9.15438848075216,Peru,1,0,0,1,2017-10-28,823
-74.3780645721071,-9.15438848075216,Peru,1,1,0,0,2017-11-05,824
-74.3780645721071,-9.15438848075216,Peru,1,0,0,1,2017-11-07,825
-74.3780645721071,-9.15438848075216,Peru,1,0,0,1,2017-11-14,826
-74.3780645721071,-9.15438848075216,Peru,1,0,0,1,2017-11-16,827
-74.3780645721071,-9.15438848075216,Peru,1,0,0,1,2017-11-17,828
-74.3780645721071,-9.15438848075216,Peru,1,0,0,1,2017-12-05,829
-74.3780645721071,-9.15438848075216,Peru,1,0,0,1,2017-12-12,830
-74.3780645721071,-9.15438848075216,Peru,1,0,0,1,2017-12-17,831
-74.3780645721071,-9.15438848075216,Peru,2,1,0,1,2017-12-18,832
-74.3780645721071,-9.15438848075216,Peru,1,0,0,1,2017-12-22,833
-74.3780645721071,-9.15438848075216,Peru,1,0,1,0,2017-12-29,834
-64.6847537288084,-16.7068768105592,Bolivia,1,0,0,1,2017-10-25,835
-64.6847537288084,-16.7068768105592,Bolivia,1,0,0,1,2017-11-27,836
-64.6847537288084,-16.7068768105592,Bolivia,3,0,2,1,2017-12-05,837
-64.6847537288084,-16.7068768105592,Bolivia,2,1,0,1,2017-12-12,838
-64.6847537288084,-16.7068768105592,Bolivia,1,0,0,1,2017-12-14,839
-64.6847537288084,-16.7068768105592,Bolivia,2,2,0,0,2017-12-18,840
-64.6847537288084,-16.7068768105592,Bolivia,1,1,0,0,2017-12-19,841
-64.6847537288084,-16.7068768105592,Bolivia,2,1,0,1,2017-12-22,842
-64.6847537288084,-16.7068768105592,Bolivia,1,1,0,0,2018-01-03,843
-56.0171550954303,-32.79821074905,Uruguay,1,1,0,0,2017-11-21,844
-56.0171550954303,-32.79821074905,Uruguay,1,1,0,0,2017-12-26,845
-65.1781906426369,-35.3875513648563,Argentina,3,1,2,0,2017-10-25,846
-65.1781906426369,-35.3875513648563,Argentina,3,2,0,1,2017-10-26,847
-65.1781906426369,-35.3875513648563,Argentina,2,1,0,1,2017-10-27,848
-65.1781906426369,-35.3875513648563,Argentina,1,1,0,0,2017-10-28,849
-65.1781906426369,-35.3875513648563,Argentina,1,1,0,0,2017-10-30,850
-65.1781906426369,-35.3875513648563,Argentina,1,1,0,0,2017-10-31,851
-65.1781906426369,-35.3875513648563,Argentina,6,2,2,2,2017-11-02,852
-65.1781906426369,-35.3875513648563,Argentina,1,0,1,0,2017-11-03,853
-65.1781906426369,-35.3875513648563,Argentina,6,2,3,1,2017-11-04,854
-65.1781906426369,-35.3875513648563,Argentina,2,1,1,0,2017-11-05,855
-65.1781906426369,-35.3875513648563,Argentina,10,5,2,3,2017-11-06,856
-65.1781906426369,-35.3875513648563,Argentina,7,2,1,4,2017-11-07,857
-65.1781906426369,-35.3875513648563,Argentina,3,0,1,2,2017-11-09,858
-65.1781906426369,-35.3875513648563,Argentina,5,3,0,2,2017-11-14,859
-65.1781906426369,-35.3875513648563,Argentina,6,4,0,2,2017-11-15,860
-65.1781906426369,-35.3875513648563,Argentina,12,2,4,6,2017-11-16,861
-65.1781906426369,-35.3875513648563,Argentina,11,1,1,9,2017-11-17,862
-65.1781906426369,-35.3875513648563,Argentina,6,2,3,1,2017-11-20,863
-65.1781906426369,-35.3875513648563,Argentina,16,6,4,6,2017-11-21,864
-65.1781906426369,-35.3875513648563,Argentina,10,6,3,1,2017-11-22,865
-65.1781906426369,-35.3875513648563,Argentina,10,3,3,4,2017-11-23,866
-65.1781906426369,-35.3875513648563,Argentina,12,0,5,7,2017-11-24,867
-65.1781906426369,-35.3875513648563,Argentina,13,3,3,7,2017-11-25,868
-65.1781906426369,-35.3875513648563,Argentina,9,2,4,3,2017-11-26,869
-65.1781906426369,-35.3875513648563,Argentina,6,3,0,3,2017-11-27,870
-65.1781906426369,-35.3875513648563,Argentina,17,6,3,8,2017-11-28,871
-65.1781906426369,-35.3875513648563,Argentina,15,7,0,8,2017-11-29,872
-65.1781906426369,-35.3875513648563,Argentina,9,5,0,4,2017-11-30,873
-65.1781906426369,-35.3875513648563,Argentina,2,1,0,1,2017-12-01,874
-65.1781906426369,-35.3875513648563,Argentina,8,3,3,2,2017-12-02,875
-65.1781906426369,-35.3875513648563,Argentina,2,0,0,2,2017-12-03,876
-65.1781906426369,-35.3875513648563,Argentina,3,2,0,1,2017-12-05,877
-65.1781906426369,-35.3875513648563,Argentina,1,0,0,1,2017-12-06,878
-65.1781906426369,-35.3875513648563,Argentina,5,1,0,4,2017-12-12,879
-65.1781906426369,-35.3875513648563,Argentina,8,3,0,5,2017-12-13,880
-65.1781906426369,-35.3875513648563,Argentina,2,2,0,0,2017-12-14,881
-65.1781906426369,-35.3875513648563,Argentina,18,12,2,4,2017-12-15,882
-65.1781906426369,-35.3875513648563,Argentina,3,2,0,1,2017-12-16,883
-65.1781906426369,-35.3875513648563,Argentina,7,2,0,5,2017-12-17,884
-65.1781906426369,-35.3875513648563,Argentina,7,1,3,3,2017-12-18,885
-65.1781906426369,-35.3875513648563,Argentina,12,8,3,1,2017-12-19,886
-65.1781906426369,-35.3875513648563,Argentina,3,0,1,2,2017-12-21,887
-65.1781906426369,-35.3875513648563,Argentina,9,8,1,0,2017-12-22,888
-65.1781906426369,-35.3875513648563,Argentina,6,4,2,0,2017-12-23,889
-65.1781906426369,-35.3875513648563,Argentina,3,2,0,1,2017-12-24,890
-65.1781906426369,-35.3875513648563,Argentina,1,0,1,0,2017-12-25,891
-65.1781906426369,-35.3875513648563,Argentina,3,2,1,0,2017-12-26,892
-65.1781906426369,-35.3875513648563,Argentina,3,2,0,1,2017-12-28,893
-65.1781906426369,-35.3875513648563,Argentina,7,2,1,4,2017-12-29,894
-65.1781906426369,-35.3875513648563,Argentina,2,1,0,1,2017-12-31,895
-65.1781906426369,-35.3875513648563,Argentina,5,1,1,3,2018-01-01,896
-65.1781906426369,-35.3875513648563,Argentina,4,2,0,2,2018-01-02,897
-65.1781906426369,-35.3875513648563,Argentina,13,8,1,4,2018-01-03,898
-65.1781906426369,-35.3875513648563,Argentina,7,5,0,2,2018-01-04,899
-65.1781906426369,-35.3875513648563,Argentina,4,1,0,3,2018-01-08,900
-71.364374638007,-37.7436056176063,Chile,2,1,1,0,2017-10-25,901
-71.364374638007,-37.7436056176063,Chile,1,0,0,1,2017-10-26,902
-71.364374638007,-37.7436056176063,Chile,1,0,0,1,2017-10-28,903
-71.364374638007,-37.7436056176063,Chile,4,0,1,3,2017-11-03,904
-71.364374638007,-37.7436056176063,Chile,1,0,1,0,2017-11-04,905
-71.364374638007,-37.7436056176063,Chile,8,3,1,4,2017-11-05,906
-71.364374638007,-37.7436056176063,Chile,8,5,1,2,2017-11-06,907
-71.364374638007,-37.7436056176063,Chile,2,0,0,2,2017-11-07,908
-71.364374638007,-37.7436056176063,Chile,13,6,1,6,2017-11-13,909
-71.364374638007,-37.7436056176063,Chile,3,1,0,2,2017-11-14,910
-71.364374638007,-37.7436056176063,Chile,2,0,0,2,2017-11-15,911
-71.364374638007,-37.7436056176063,Chile,3,1,1,1,2017-11-16,912
-71.364374638007,-37.7436056176063,Chile,4,0,0,4,2017-11-17,913
-71.364374638007,-37.7436056176063,Chile,4,1,2,1,2017-11-20,914
-71.364374638007,-37.7436056176063,Chile,3,1,1,1,2017-11-21,915
-71.364374638007,-37.7436056176063,Chile,3,1,1,1,2017-11-22,916
-71.364374638007,-37.7436056176063,Chile,2,2,0,0,2017-11-23,917
-71.364374638007,-37.7436056176063,Chile,2,1,1,0,2017-11-24,918
-71.364374638007,-37.7436056176063,Chile,3,3,0,0,2017-11-25,919
-71.364374638007,-37.7436056176063,Chile,4,2,0,2,2017-11-26,920
-71.364374638007,-37.7436056176063,Chile,4,3,0,1,2017-11-27,921
-71.364374638007,-37.7436056176063,Chile,3,0,1,2,2017-11-28,922
-71.364374638007,-37.7436056176063,Chile,3,2,0,1,2017-11-29,923
-71.364374638007,-37.7436056176063,Chile,6,3,0,3,2017-11-30,924
-71.364374638007,-37.7436056176063,Chile,6,4,0,2,2017-12-01,925
-71.364374638007,-37.7436056176063,Chile,9,7,0,2,2017-12-02,926
-71.364374638007,-37.7436056176063,Chile,4,2,0,2,2017-12-03,927
-71.364374638007,-37.7436056176063,Chile,1,1,0,0,2017-12-05,928
-71.364374638007,-37.7436056176063,Chile,1,1,0,0,2017-12-06,929
-71.364374638007,-37.7436056176063,Chile,1,1,0,0,2017-12-12,930
-71.364374638007,-37.7436056176063,Chile,4,2,1,1,2017-12-13,931
-71.364374638007,-37.7436056176063,Chile,6,2,2,2,2017-12-14,932
-71.364374638007,-37.7436056176063,Chile,4,1,3,0,2017-12-15,933
-71.364374638007,-37.7436056176063,Chile,1,1,0,0,2017-12-16,934
-71.364374638007,-37.7436056176063,Chile,2,2,0,0,2017-12-17,935
-71.364374638007,-37.7436056176063,Chile,4,2,0,2,2017-12-18,936
-71.364374638007,-37.7436056176063,Chile,7,5,1,1,2017-12-19,937
-71.364374638007,-37.7436056176063,Chile,1,0,0,1,2017-12-21,938
-71.364374638007,-37.7436056176063,Chile,10,5,1,4,2017-12-22,939
-71.364374638007,-37.7436056176063,Chile,3,0,2,1,2017-12-23,940
-71.364374638007,-37.7436056176063,Chile,11,7,2,2,2017-12-24,941
-71.364374638007,-37.7436056176063,Chile,1,0,1,0,2017-12-25,942
-71.364374638007,-37.7436056176063,Chile,1,0,0,1,2017-12-26,943
-71.364374638007,-37.7436056176063,Chile,1,0,0,1,2017-12-27,944
-71.364374638007,-37.7436056176063,Chile,1,1,0,0,2017-12-28,945
-71.364374638007,-37.7436056176063,Chile,3,3,0,0,2017-12-29,946
-71.364374638007,-37.7436056176063,Chile,1,1,0,0,2017-12-31,947
-71.364374638007,-37.7436056176063,Chile,2,0,1,1,2018-01-01,948
-71.364374638007,-37.7436056176063,Chile,7,1,1,5,2018-01-02,949
-71.364374638007,-37.7436056176063,Chile,8,4,0,4,2018-01-03,950
-71.364374638007,-37.7436056176063,Chile,4,3,0,1,2018-01-04,951
-71.364374638007,-37.7436056176063,Chile,2,0,2,0,2018-01-08,952
