tweet_id,airline_sentiment
569716594731044865,positive
569337064484962304,positive
569651366018166784,negative
569691772000931840,positive
569525641759993856,positive
569962709057298432,positive
570256553502068736,positive
569280669593038848,negative
570235609933078529,negative
569917442455175168,neutral
570050603851710464,neutral
569968023592943616,neutral
569684137755459584,positive
568473140654788609,positive
568468409471492096,positive
569134718396051456,positive
569977887136342016,positive
570007457055055873,neutral
569201109400555520,positive
569318130356502528,positive
569345076406693888,negative
568469645843279872,positive
569601094239825920,positive
569518200410546176,positive
569358195862462464,negative
568841635049533440,positive
570264011574415360,positive
569476889313562624,positive
569541591586643968,negative
569675861160386560,neutral
568139144515313664,positive
567836728100200449,positive
569646446586171392,neutral
568391878871285760,positive
569162211748245504,negative
569524310186061824,positive
569597666025345024,negative
568066878192508928,neutral
568238605036064768,positive
570245513720647680,negative
570057871058079745,positive
568568593262231552,positive
569310070825226241,positive
567927725815496704,neutral
567737909072367616,positive
568894073345437697,negative
568929851379478529,positive
569371693602476032,positive
569851498118516736,positive
570282469791911936,positive
567769879759962112,positive
569882324713783296,neutral
569684963777503232,neutral
569551241967067136,negative
569642419307864064,positive
569890859526823936,neutral
568466243210108928,positive
569825634295230466,positive
570190092213465089,negative
568849739346608128,positive
568603081274986496,positive
569560151100821504,positive
568189481590886400,positive
569708004075044864,positive
570077847672328192,negative
569332086345220096,negative
569595123799101440,negative
570048851295383552,negative
569873664612704256,positive
569180541662027779,neutral
569351618522705920,positive
569733572606763008,neutral
569130620963696640,positive
569971648876584960,positive
568997237176569856,negative
569591653121597440,negative
568678201590996992,positive
568475947617411072,positive
567760693643214848,positive
570009129579900928,positive
569627624617611264,positive
569327949553520640,positive
569890836361580544,positive
568633534627381248,positive
567881305754595328,negative
570288039454486529,negative
569184069734395906,positive
569927842173050881,positive
569894356393570304,positive
570001601072652288,positive
570272880556011520,positive
570058295689523200,negative
568902419972694016,positive
569258100324048900,positive
569703468736376832,positive
568112409841238016,negative
568890074164809728,positive
569900867324932096,positive
570038564110467074,neutral
569588082284101633,negative
569366184904122369,neutral
569372340309651457,negative
570043569605648385,positive
570048915518533634,positive
569235727558447105,negative
569624299788750848,positive
569866461172387841,negative
568062811856703489,neutral
568773776638406656,negative
568421124201017345,positive
569330006985347072,positive
568840215089041409,negative
568037876761546753,negative
568085705479618560,negative
569604330229092352,neutral
570216086173581312,positive
568610311487561728,positive
570286359983886336,negative
569252759087685632,positive
569668606142783488,positive
570284054605639683,negative
569889833297915904,negative
569489114707431424,positive
568797768162127872,positive
569728283568418816,neutral
569964286954618880,neutral
569666679963312129,negative
568105051622756352,neutral
569598915722518528,positive
569380923847909376,positive
569710260136640512,positive
569786249508048896,neutral
568155933832044544,positive
569724056645140480,neutral
568611276026351618,negative
568925181848227840,positive
569639784819372032,positive
568602309703249921,positive
570121689503301632,positive
569893988846546945,positive
568088470712950784,positive
568620542682468352,positive
569088814184079361,positive
569699455919726593,negative
568910880416464897,positive
569196231546830848,positive
569721779645767680,positive
569933275436707840,positive
568836930550534145,positive
569588138273865728,positive
567757851104641024,positive
570145544078815232,positive
569616576481267712,neutral
568599168949886977,positive
567772568833503233,positive
567794017593991169,positive
569282692014977025,positive
568131853929947136,positive
568649338005487618,positive
569604659712811009,positive
569537485761433600,negative
569578016843669504,positive
570003111772692480,neutral
570009743160254464,neutral
570081568733192192,positive
568002085888897025,positive
569923360982900737,positive
568179392293281792,positive
570303383782989824,positive
569333461401481216,positive
570019741806538752,positive
568173792406740994,positive
570301395141836801,positive
568523935853051906,positive
569028851860254720,positive
569596097540132864,negative
568868127364096000,positive
568561033641480192,positive
570040162840907776,positive
569661233923629056,positive
570024174162485251,positive
568823143789416449,positive
568491094327078912,neutral
569838593423708160,neutral
569667602148151296,neutral
569168028014743552,positive
568672467889176577,neutral
569328755409326080,positive
567725676958998528,positive
569620017840398337,neutral
568429062642929664,positive
569650294746820609,negative
567780888700669952,neutral
569950724983025665,positive
569495331399995392,neutral
567875147941552128,positive
569167347996495872,neutral
570204088908034049,positive
570028289399525376,positive
568547201208565760,positive
568810874204327936,neutral
569313760864632832,positive
569617494908002304,positive
569622568459636736,negative
569610542723309568,neutral
569533479362408448,positive
569246786440830977,positive
569904370361483264,positive
569933646385188864,positive
568776950665371648,negative
567810683485753344,positive
567777885277405184,positive
568777504368005120,positive
567803969235390464,positive
570279787287093248,positive
568810180269494272,positive
567737598115082241,positive
568988757954678784,positive
569852965315584000,positive
568538242380742656,positive
567812369902133248,positive
570307390752608257,negative
568116895305617409,positive
570253919697244160,positive
568493336698490880,positive
569380098119499776,negative
567794573495250944,neutral
568481836290220033,positive
569293499968950272,positive
569495653526724608,positive
569675799122591746,negative
568055034296049664,positive
569186177238110208,negative
569456035930484737,positive
568017135236022273,positive
567831160978677760,negative
567803109687443456,positive
569638678194040832,positive
569605258621661184,positive
567878078782898176,positive
569858655086120961,positive
569931716049154051,positive
569698937281470464,positive
568577243200376833,positive
568250065845944321,positive
569617777075625986,neutral
567831806944223232,positive
568213769098108928,negative
569687343403106304,positive
569847920192655361,neutral
569685581787205632,positive
569914894868328448,positive
569963701794516992,positive
568110568097374208,positive
569971374820884481,positive
569642730932064256,neutral
568880146284982272,neutral
569659620517662721,negative
569154129362186240,neutral
569413676337274880,positive
569941050002972672,negative
570050881879568384,positive
569232560330555393,neutral
567680108002291712,positive
570079030029848579,negative
569633323997212672,neutral
570057178687475712,negative
569758821310017536,negative
567806501402976257,positive
569910528279228416,negative
569944281512685570,positive
569505407862902784,neutral
568423284401836032,negative
567745362727686145,neutral
569649006986407936,neutral
568845241526038528,neutral
568138996112445440,negative
570264306350227456,positive
569303931916038144,negative
568788947859607552,positive
569942094766325762,positive
568811854216105984,neutral
567781757274292224,negative
569727727881682944,negative
569659230929555456,positive
570165459783450624,negative
569817130801221632,negative
570297070998974464,negative
569593694963310593,neutral
568778553933889536,positive
570123304498917377,negative
569935135895883776,positive
569459455273897984,negative
568476370130628608,negative
569675527662874624,positive
568927427847544833,negative
568534114527113216,positive
567722664597286913,negative
568612911222026241,positive
569275466936397825,negative
569678905344270336,positive
568192271453188096,positive
569903840507506688,positive
569704587315138560,positive
570072153607049218,positive
568911099740839936,positive
568480654347935745,positive
569894035797753856,neutral
569223788639821824,positive
568436081303158784,positive
570074662086045696,neutral
570276434763128833,negative
569489006955769856,negative
570240647678050304,positive
568056665821413376,positive
569153098595192832,negative
569464902164856832,positive
567918173992910848,neutral
568859157253611520,positive
567923103080275968,positive
567864588521381888,neutral
570271209822294016,positive
567768306799882241,positive
568438000843034624,neutral
569606226880929792,positive
567825347439370240,negative
569679759250038784,positive
568187725834289152,neutral
568257389402710016,positive
568497542100586497,positive
567890765134852096,positive
568628841431867392,positive
568174745293709313,neutral
570077234570010624,positive
570268326250745856,neutral
569613537158373376,positive
568806899275018241,positive
570081545211375616,negative
570174794425098241,positive
569613601918492672,neutral
570277221916647425,negative
569969456190869504,positive
569155666440355840,neutral
568774320773849088,positive
568917786921009153,positive
570091033368899584,positive
569272359334453249,negative
569929677571166208,positive
570082819025838080,positive
568108322924191744,positive
570175858469515264,negative
568086156899966976,positive
570251909447192577,negative
568155246616121344,positive
570100829396406272,positive
569340749466226688,negative
569233260108124160,positive
569522307657388032,neutral
570205399619661824,positive
569550230376423424,neutral
569538703732772864,negative
570006886012973056,positive
570016052895092736,negative
569221589822083072,positive
569495613173309441,positive
569513151517073408,negative
569982307634794497,positive
569635382834421761,positive
569277733416513536,negative
567837218628362241,positive
569629346777968640,neutral
570254368538173440,negative
568434959226179585,positive
570272714205863936,neutral
569341769114128386,positive
567824271234592769,positive
567851359178989568,positive
569715341259104256,positive
568839278681174016,positive
568648390738706432,neutral
567756837320392705,neutral
570211016308596736,neutral
569553741222952960,positive
569620643810926592,neutral
570249440176570368,positive
568801885567606784,positive
567766410169954304,positive
570199267668676609,neutral
569969218306904067,positive
569674873787658240,positive
568823817679847425,negative
569651470615887872,neutral
568225310753353728,positive
569935261947330560,positive
569564566272811008,positive
568521960088449025,negative
568636400419151873,positive
569008601009762305,negative
568893092927029249,positive
569869514944466945,negative
570119247982137344,negative
568561924985782272,positive
568792664931508225,positive
570106900970221568,neutral
567782794261438466,negative
569667173544812546,positive
567752542491516928,positive
568174802059464705,positive
568821261767303168,negative
568222976744824832,positive
568951462413209601,positive
568149201466617856,positive
569531827989454848,negative
569811246096064512,neutral
567728357555437568,neutral
569538857328353280,positive
569691144897953793,negative
568880030123745280,positive
569949968750010370,positive
569693808914522113,positive
568815354388078593,positive
568558478039625728,negative
568958227888500736,negative
567830303121870848,positive
569270187725160449,negative
569745528382038016,neutral
568496575716175872,neutral
567772770604298240,positive
569242425530712064,positive
569830265364701184,neutral
567908702088376320,positive
567711860938772480,positive
570264145116819457,positive
569596394819883008,positive
569594354924425216,positive
569587686496825344,positive
567818953881419776,positive
568955124300820480,positive
569244295921692672,negative
569621365634015232,neutral
567875922906456064,neutral
569525811704934401,negative
569248721139048448,positive
569204914649489408,positive
569949655905263616,neutral
569381443257958401,positive
570239165675249666,positive
569967925416886273,neutral
569608734332162048,neutral
568379326678368256,positive
569706320212787200,negative
569895516139421696,neutral
569633482915209216,positive
568174911841177600,neutral
568621210986090497,positive
570001825358860289,positive
569341791482220545,positive
569914488541069312,positive
569839419211034624,positive
569586471570534400,negative
568101444391276544,positive
568383474303959041,positive
569225573773369344,positive
568177521327509504,positive
568158427664527360,negative
569524116769914882,positive
568230023251042304,positive
570235244999270400,neutral
569857504768757760,positive
569560386548006912,neutral
569285184605986816,negative
570068466717237249,positive
569698085821001728,neutral
567813042576199680,neutral
569225489329598464,neutral
569661321744134144,positive
569625606536732672,neutral
568155954484797442,neutral
569503165713948672,positive
570235413224427520,positive
569943022474956802,negative
569153841083625473,negative
567790572833103872,positive
568188595456118785,positive
569701178054811648,positive
569311935835062272,neutral
569435214717562881,positive
569876152036290560,positive
568814123540221952,positive
568882601261273089,positive
569628591475924994,negative
567940050186604545,neutral
568839596261249024,neutral
568232942612447232,positive
570254721140850689,positive
568771007529398272,neutral
570247748286435328,positive
569780939280093185,positive
570234625848696833,positive
569850899310358531,positive
568192942088843264,neutral
568592520659267584,positive
569549922569224192,positive
568111819325366273,neutral
569621879633391616,neutral
568518985056002049,positive
569657504273027073,neutral
569017194564096000,negative
568370280415899648,positive
569747411779735552,negative
568075934609346560,neutral
569888280793063424,positive
569795284764532736,negative
569863194929471488,negative
567748407070953472,neutral
568870144891600896,positive
569973337050341376,negative
568605449659895808,positive
567781607797305345,neutral
568514213921947648,neutral
570061921145065473,positive
569488002361249792,positive
569886919833874432,negative
568576763212619777,positive
569507522412986368,neutral
570284862122233856,positive
569961203197325312,positive
569865190822572033,negative
569887452384481280,positive
568417751854931968,positive
569083604216623104,positive
568392783922372608,positive
569921646057926656,negative
569497092655345664,neutral
569273251186286593,neutral
569717866611630081,positive
569083218554519552,positive
569900699988860928,positive
569359788120907776,positive
567746576626356225,neutral
569558153202774016,positive
570271383005085696,positive
568502112457510912,positive
569847852605812737,neutral
569755876401274880,positive
567710245053407232,negative
569939924964630528,neutral
570264948548313088,positive
569206566035042305,positive
569995513623408641,positive
568802105005346817,positive
569885487508418560,neutral
568831574474661888,neutral
568031932719566849,positive
567864939349557248,negative
569874374741925889,positive
569168696083656705,positive
568137336095170560,positive
568337096177528832,neutral
569509671213662208,positive
569153207148150785,negative
570012549631975424,negative
569890681361186818,positive
569777772115193856,positive
569673582609088512,negative
569381811278770176,positive
569520929128251392,negative
569319928815202304,positive
569597962659110913,neutral
569599978722746368,positive
568417151176060929,positive
567813037454917632,positive
570208115205021696,positive
569899203339657217,positive
567791786145378304,positive
570222495145406465,positive
567984939221852160,positive
569117839308800001,negative
569938845111848961,neutral
568239444500865025,positive
569491346647445505,negative
568473862083461121,neutral
567872044030918657,positive
569951384390344704,negative
569165652876881920,positive
569940199842525184,neutral
568808975828955136,negative
567861067088596993,neutral
568888623787089920,positive
569310249859080192,neutral
569640038302134273,positive
569598072923123712,neutral
569989178651508737,positive
570135402306080768,positive
569686415665025024,negative
569266679903080448,neutral
570291213007491076,neutral
568767144407789569,positive
567745507834220546,negative
567817897893982208,positive
568222090769379328,neutral
567778606546694144,negative
569684433218875392,positive
568937199145783297,positive
568456334581981184,neutral
568731988082999296,positive
568517565548339200,neutral
570055898367799296,neutral
570142665246965760,positive
569595309279440896,positive
568556238012678144,positive
569574646229684224,negative
569576074050473984,positive
569832363527708674,positive
569248843532886016,positive
567872392116191233,negative
568389266155438080,positive
569935956880420864,neutral
569783738210525184,positive
568438645591384064,positive
569345701487906818,positive
568751950935691265,positive
569595791355981825,positive
567805465854488579,positive
569975349750079488,negative
569172396680175616,neutral
569908080114339840,positive
568853440794730496,positive
570298679250305024,negative
570298285350629376,neutral
569514430393913344,negative
569642078990258176,positive
568237684277141504,positive
568434307989159936,positive
569465299495358466,positive
570002679142854656,negative
569663687948181504,negative
570298644475346945,negative
569952718707687424,positive
567799259224940544,neutral
568875530671554561,positive
567832862130577408,neutral
569616634601717760,negative
568216286561374208,negative
570001906199887872,neutral
569226157901684736,neutral
569861209781989377,neutral
569926859699437568,negative
567820647465803776,positive
570003289326157824,positive
568920314073260032,neutral
568994507074772992,negative
568582374549807104,positive
568416493446270976,negative
569358458404802561,positive
569373511455776768,positive
568585196699664384,positive
570291934306168834,neutral
569574711899922433,neutral
567857402340450305,neutral
569685606202093570,negative
569673473607344128,positive
568926716644745216,positive
570089091276128258,neutral
570253313368698883,positive
568161997935607808,neutral
569642145977479169,neutral
567848544893169664,positive
569955742276407297,neutral
569618309357940737,positive
569947414263701505,positive
569328854948573187,positive
569872058613673984,positive
569894449922252800,positive
569620354781425665,neutral
567741202884075520,positive
570275536406253568,positive
569713494821482498,negative
567727701620822016,neutral
568159685238329344,negative
568235890205532160,positive
569212457706782720,positive
569346317706768385,positive
568234670166568960,positive
569376145000390656,positive
569100490027499520,positive
570001601055883265,positive
569534939642925058,positive
570292715444965377,positive
570171986648965120,positive
567767341090361344,neutral
568222514956013568,negative
568527292135133184,positive
568425317028610049,positive
569951363670642689,positive
570049018820042752,positive
568124227641065472,positive
569248084934443010,negative
569674294411669504,positive
570297970891075584,positive
569149358802759680,positive
569716670689902592,neutral
569618884577218560,positive
569348268154609664,neutral
568076556997775360,neutral
569838878049345536,positive
569709103188197376,positive
569659646916440065,positive
569288530419175424,negative
569229091657936896,positive
568059129601724416,positive
569899859995693056,positive
569846023553720321,neutral
569580001672237056,positive
568186350219821057,neutral
569554727572099072,positive
569557964991930368,positive
570000158454353920,negative
569588651925098496,positive
569558235897688064,positive
568232493779824640,neutral
569342888615620609,neutral
569623852403306496,negative
569975778953142272,negative
569605930146353152,positive
569678397158268929,negative
569634364780351488,positive
569909655813500928,positive
569534268130660352,positive
568434509017960449,positive
569772867774230528,positive
569605359406485504,negative
570297414848000000,neutral
569338605057015808,positive
567754504817606656,positive
568526769373859841,positive
567692504397803520,positive
569301025280167936,positive
568438312177762304,positive
569700635152494592,positive
568424704597467137,neutral
568115946738597888,positive
567733946717196288,positive
568444203883204608,negative
568795746721513472,positive
569882542855352320,neutral
569300435091251200,negative
569611341394264064,positive
569989039874404352,positive
568538790244909056,positive
569598314825555968,negative
569096764835414016,positive
569804677472251904,positive
569623415767871489,positive
568607425047240704,neutral
569575176322424832,positive
569305239834136576,negative
567733847132229632,positive
568832749093687296,positive
570195799256072193,positive
569629537400696832,positive
570063450174464000,neutral
568360334609612801,positive
568897013997289472,positive
568499384704479233,positive
569640574971715584,negative
569342220534288384,positive
569603357406576641,neutral
567741610373685250,positive
568094172508336128,neutral
569094744615157760,positive
568830614289252352,neutral
570193464467570688,positive
569623156337586177,positive
569669921258409985,positive
569643388611330048,neutral
567722844319404033,positive
569872455377879040,positive
569374127187820545,neutral
568870473934761985,negative
570084406204997632,positive
569671332092252160,negative
569346870423769088,negative
567860313883693056,negative
569700953164615681,positive
569662145886957568,negative
569471837614137344,neutral
570043937244622849,positive
569699171868938241,positive
569978876861902848,positive
569687410969321472,positive
569986978684362753,negative
567881459161260032,negative
568623037962039297,positive
568570905690898432,positive
569251768770502656,positive
568809407120855041,positive
569604208661409792,neutral
569457148129779714,positive
568818669024907264,positive
569268243854192640,positive
568814284680994816,positive
570073592848715776,negative
569294599614803968,positive
570274417546113025,negative
567936625453318144,negative
569564671688118273,positive
569181132685574144,positive
570203218686423041,positive
569630106940895233,negative
568492682152189952,positive
570246800247902208,neutral
569927792781086720,positive
569163885393154048,negative
568781819233091584,positive
570045585149063168,positive
569578297945919488,negative
569278858123300864,positive
569913838746742784,neutral
569197921150902272,positive
568924781837455360,negative
569197579956842496,positive
568542364207325185,positive
569927476463452160,neutral
570265919676485632,positive
569525270907981825,negative
569716576850731008,neutral
569685644449964032,negative
569559311095095296,positive
569564610837086209,negative
569643301332258817,neutral
568895050601508865,negative
568735475847950336,positive
567764010812985344,neutral
569539074106789889,negative
569345693770502144,neutral
569188792541818880,negative
569627477200535552,positive
568857976733376512,positive
569418233322872833,positive
569287489883500545,positive
569580805036453888,positive
567800823674310658,neutral
569480693782339584,positive
569977521690669056,positive
569541478244089857,positive
569545779079094272,negative
569630229636853761,neutral
568086132346322945,positive
569759892803756032,positive
570102866754592768,positive
569654946179579904,neutral
569358953567670272,positive
569629692661268480,positive
570263889696305152,positive
569910299983130625,negative
567741692854276096,positive
568982505551851520,neutral
569650936911683586,negative
569605604416888832,neutral
569624621047111680,positive
570239998383038464,neutral
570281275216367616,positive
569541545029804034,positive
570001092206923776,neutral
569406451980091392,positive
569260366221348864,positive
569222494952886272,positive
569248702092541952,negative
569828681297870848,negative
569903268312125440,neutral
570096448571731968,negative
569660442408321024,positive
570268875872473088,neutral
569226228152053760,positive
567753071833665536,positive
568832907525152769,positive
569665976062644224,negative
568847512372514816,positive
569597663953293312,neutral
570299824760860672,positive
568170794670551040,positive
567588278875213824,neutral
569351220097216512,positive
569484400594952192,negative
569939391277350912,positive
567898499540340736,positive
568513003307429888,positive
568895587900207104,neutral
568503887113498625,positive
569908792776892416,neutral
567783456420012032,positive
569495604944089088,positive
569877658286186496,negative
567771317705773056,positive
569801089022734336,neutral
567778498723737600,positive
567729135733465088,positive
569682228269068288,positive
570257429486706688,negative
570266640614498304,positive
569588464896876545,positive
570299924555956227,neutral
569254571622727682,negative
569238877178716161,positive
568116768868159488,positive
568863640721477632,negative
567844362601697280,positive
569693820398510080,negative
568145883679875072,positive
569516377524076544,negative
570203916643766273,positive
568957001658724353,neutral
567902121992921088,neutral
570233869212856320,positive
569651818453708800,negative
570240625536323585,positive
568451219477250048,positive
567784912011689984,positive
570276681551732736,neutral
568788152955092992,neutral
568245360998658048,positive
569278020441284608,neutral
569658878939410432,positive
569687399426617344,positive
569265728408440833,negative
570187080426397696,negative
569221210019487745,positive
569746687805095936,negative
568191343769620480,neutral
568440180769746946,positive
568457140894969856,positive
569715248720007169,positive
569270012894060545,neutral
570058070224728064,positive
569230997650214913,positive
568910220644237312,positive
568872365146251264,positive
569651226280751105,neutral
569569639543541762,positive
570285465145876480,positive
567734499669454848,negative
569690433996984320,neutral
568468372524023808,positive
569600720254541824,negative
569272738826694656,positive
569971216934526976,positive
570298117544906754,positive
569991295776595968,positive
569590892085915649,negative
569645048696053761,negative
569907782108839938,negative
568818512191471616,positive
570244951914782721,positive
570053734639792129,positive
568107816923340800,positive
569205367575441408,negative
567856962521661440,positive
568140092453179394,positive
570060752926728192,negative
569724705063596032,neutral
569608322925473792,neutral
569604198033170432,positive
569914369905201153,neutral
568069363280035840,positive
569706754025660417,negative
569830532516868097,negative
568129652625158147,neutral
567727526777073664,positive
569526960268963840,positive
569844028365275136,negative
567812349895245824,positive
569642200595898368,negative
569988839919394816,neutral
569122341797691392,neutral
569508406551322624,negative
570195492006707200,positive
569748687812845568,negative
568526136017342464,positive
569635077623148545,positive
568080133195755520,positive
570270684619923457,positive
569982327654383616,positive
569681499928158208,positive
568234162638999552,positive
569600927394631680,positive
570240452588380161,positive
568900052397092864,positive
568198666613338112,positive
570212118059995136,positive
568628159618424833,positive
568632754939805696,neutral
570229647713148928,positive
569242111100514305,neutral
570296616688750592,positive
568079024943194112,neutral
569310635986546688,negative
569016065600008193,negative
569688749208178688,positive
569521863891804160,positive
569480220203474944,negative
569525480178769920,negative
569614009369907200,positive
568908978001993729,positive
569610485101768704,positive
569317626687717376,positive
569654393898864640,neutral
567916798747619328,positive
569273247252008961,negative
568134930137550848,neutral
569590208095768576,positive
568579388704292864,positive
568081401053974528,negative
569708173831094272,neutral
568281801480904704,positive
569974668406296577,neutral
569814010398273537,positive
567879888490868736,positive
570230559693078528,negative
570208909522182146,positive
569118085245898752,positive
569862755420905473,positive
570295981985681409,positive
569502953851252737,positive
569668853849919488,positive
569212860665978880,neutral
569837191540551680,negative
569224171303145473,positive
567921406807261184,positive
567967937446834177,positive
568671211430891520,neutral
568388502431395840,neutral
568613354245210112,negative
569744079027896320,neutral
567781694183186432,positive
568779073117245441,positive
569528105557053442,positive
570006917927575552,positive
568870279906234368,positive
570302337069264900,negative
569986783024431105,neutral
568834558268973056,positive
568239036533497856,positive
569930577643769856,neutral
569592778872606720,positive
569598171082596352,negative
567845492849287169,neutral
569948131397410816,neutral
567832821013848064,negative
568775146703589376,positive
569580197709783040,positive
568211991757770752,positive
569729657248985089,neutral
570280378193330180,negative
568188732806963201,positive
569324558999691264,positive
569968565513625600,positive
569990034444689408,positive
569651165396373504,positive
568576245027336193,negative
568788652995833856,positive
569498511609356288,positive
569936893166489600,positive
570275632518733825,neutral
569963645402099712,positive
570283824040382464,positive
570009630786453505,positive
568838020041809920,positive
569540050821763072,positive
569872132269682688,negative
567862814578061312,positive
569672095753502720,positive
567864117047865344,positive
567837023014273024,positive
570226414525542400,positive
569672202037170177,positive
568813634152849408,positive
568790164404899840,positive
568929979981033472,neutral
568754053083222016,positive
570246108699627521,positive
568506885130682369,positive
569740962760499200,negative
568259485413715969,neutral
570249159179145216,negative
567724178317402112,neutral
567952115588423681,negative
568400398748266496,positive
569881463233097728,neutral
568178665189711872,positive
569965494519734272,negative
567841308452249600,neutral
570250617379168256,neutral
569287318898495490,positive
568086667258679296,positive
568024213753364480,positive
569701192449654784,negative
569671290111393792,positive
569555930028748800,negative
569707970876936192,positive
567806884191944705,positive
569607124772196352,positive
569440689253158912,negative
568058146729668608,positive
570265563035004928,negative
569330686135537664,negative
569161583718473728,neutral
569630593924911104,neutral
568269181394817024,negative
569297850456109056,neutral
570295795985080320,positive
569981473060560896,positive
568516063001853952,negative
568128236649095168,positive
569508707178057728,positive
569893924942299136,positive
569222108200476672,positive
568069437506641920,positive
568061931761864704,positive
569675498873159680,positive
569334635227820032,negative
568822440631144448,positive
569608733321498627,positive
568127434173878272,positive
569189483469410305,positive
567594579310825473,positive
569635389289459712,negative
570048528602374144,neutral
568894423507058688,negative
567897563065511936,neutral
569554300495462400,positive
568624528131125248,positive
569290509883187202,positive
569989999963213824,neutral
569649617802891264,positive
569889440753172481,positive
569890309624082432,positive
569531018643955712,positive
570079676204347394,negative
568807391484997632,positive
570004391731847169,positive
569583725408870401,negative
568967744076410880,positive
570066391388172290,negative
568061470933540864,neutral
569588578159697920,positive
569316417226600448,positive
569752206343348224,positive
570038991527002112,positive
569940323746516993,positive
569233440463155201,positive
569933357515026432,positive
569268155383717889,positive
567845726220357632,positive
569474081202032641,neutral
568061283200839681,positive
568947250325561344,positive
568483338257895424,positive
569521081125629953,neutral
569616699604934656,negative
569913339427434496,neutral
570276878788861953,negative
569971949440524288,positive
569850239789568000,neutral
568394432900431872,positive
570106218825564161,positive
569546858122616833,positive
567819711950635009,positive
569924101080535042,positive
569343563244425216,positive
569557305961750528,neutral
569864290578108419,positive
569242037968445441,positive
568123193577177089,neutral
569638751598563328,positive
568558484653883392,neutral
570264179216510976,positive
569574973662232576,positive
569243889011281920,positive
568154805362950146,neutral
568587424747511808,positive
567870045981929473,positive
570285979753443328,positive
569300431412850688,positive
569235062862036992,positive
570292403309035520,positive
570267457841033216,positive
570133621870174209,negative
570053254836416512,neutral
568194770524221440,positive
569866875452203010,positive
568181761114546176,negative
569521573268480002,positive
569958349514485760,negative
568472719102234624,neutral
568864981917110272,positive
568509343047352322,positive
569956624036540416,positive
568224469480833024,neutral
570196530566701056,neutral
567790926857531393,positive
568873730182504448,positive
569879601784041472,neutral
569906317629874176,positive
568094319766147072,positive
568760785113120768,positive
568088989820792832,positive
569086687336222720,neutral
568211739059326976,positive
568662343170674688,neutral
569898994408693760,negative
569669129130647552,positive
569973084398100480,neutral
569644694759714816,positive
569666115477098496,negative
568164165090709504,positive
570008958691364864,negative
570264515285266432,neutral
567865703765798912,neutral
568938023439765504,positive
568239189055176704,negative
569692168165527552,neutral
568408653562294272,positive
569309864759050240,negative
567735489688395776,positive
568735060104511488,positive
569669062206332929,positive
568076919146557440,positive
569647146712113152,neutral
568166027726434304,positive
568581984055906304,neutral
569565393502793728,neutral
569886575720574976,negative
570084871101661184,neutral
569654178789724160,negative
567747787807526912,neutral
568996575617409026,positive
569957000752140290,positive
569713556935077888,positive
568458701046050816,neutral
568766741746225152,positive
568991695917834240,negative
569763942144176128,positive
568435750485819392,positive
569589460226183168,positive
569875783096741888,neutral
568911349092212736,positive
569854312702201856,positive
569925929713188864,positive
567727292739092480,neutral
569630160233873411,neutral
568116430966648833,negative
569973945270546432,negative
569244956663148544,positive
570181700036087809,negative
569915941192015872,positive
568883108377808896,neutral
568150150289461249,positive
569668644529147904,positive
567779193342423040,positive
568484335747268608,positive
567729904788054017,negative
569724257879502848,positive
570259423987404800,positive
569192350607671297,neutral
569725021951791104,positive
569126026938335232,negative
569660698231308290,positive
570265699215675392,neutral
568894996683870208,positive
568995213529759745,neutral
569641841454239744,negative
568806740227166208,positive
569863349737021440,positive
569842929860263936,neutral
569676866824642561,positive
569522690261950464,positive
569635090214449152,positive
569330095644659712,positive
568906461461393408,positive
569662934520999936,negative
569984773365612544,neutral
567874134174101504,neutral
567808424696893440,positive
570040251764183040,negative
568811069575204864,positive
568948848263081986,positive
569194996143755264,positive
567737653118779392,positive
569492269000204288,positive
568180422070247424,positive
569601519663906819,negative
568832151119990784,positive
569673981164277760,positive
568111010856480768,positive
569679642447052800,neutral
568202482746335232,neutral
569946703522091008,negative
568027443052720130,positive
569970829322260481,negative
569539000312188928,neutral
567727026313101315,positive
567777150145949697,negative
569683366632493056,positive
568625258351063040,negative
569319046790819840,positive
570285904809598977,positive
569587813856841728,neutral
570009576273154048,negative
568303933774532608,positive
568441679503495169,positive
568860308980117504,neutral
570175761468030977,negative
569219456506814464,positive
570259502685151232,positive
568922057552977920,positive
569891023335387136,negative
568020304510869504,positive
568935494375108608,negative
568987434051989504,positive
570021054015541248,positive
570252044528959488,positive
568258333649604608,positive
567806898549051392,negative
569620902742233088,positive
569255973958889472,positive
568616851531378688,positive
567823967555178496,positive
569260280687005697,negative
569691533101780992,positive
569884285659848704,negative
568067065388642304,positive
569660558112239616,negative
569701189199089664,negative
570252802611679232,positive
567741157070086144,positive
568478536715120640,positive
568086073814827008,positive
569842067544805376,positive
569343970360348672,positive
569230515833856000,positive
569154174929244162,negative
569872009380941825,positive
569441937826164736,positive
569810057795391488,positive
568056050877919232,positive
568308464985903104,positive
570245433466884096,positive
568884473040752641,positive
568909776635236352,positive
570000614794489856,positive
570101777934086146,positive
569504232971362304,neutral
569937767775510530,neutral
569598155999674368,positive
568250000028925952,negative
569921467552567296,positive
568527764812374016,positive
570290993339244547,positive
569923163259318274,positive
569690711026573312,positive
569693592597323776,negative
568664266502479872,positive
568391639158226944,neutral
569626655527981058,positive
569153491983327232,neutral
569346431833673732,positive
570275153860386816,negative
569817937131016192,negative
568393752596717568,negative
569838141273559040,neutral
569481844300898304,negative
568785504004497408,positive
569816326744776705,neutral
568819406207356928,positive
569240250192670720,positive
568835810532794368,positive
569993176636739584,positive
569865061855932416,positive
568925579933671424,neutral
569250912784519168,positive
570169567374401536,negative
570095499287506946,positive
568621100914991104,positive
569347372595212289,positive
568184231819481088,neutral
568183277774868480,positive
568424596657078272,negative
569101653573570560,positive
569982678558048256,positive
569502963317649408,positive
568467366780264448,negative
569864693998690304,neutral
568862914154770432,positive
569329378061979648,negative
568173938292985858,positive
568479680229208064,negative
568396209091702784,neutral
569615206625599488,negative
570187686213918721,positive
568845552114405376,neutral
570220208037584896,positive
569311482950897665,positive
568853588858023936,positive
570295405818335236,neutral
568457663123746816,negative
568230767714799616,positive
570224417445261313,negative
569910571686088704,positive
570248035369820162,positive
569659364530728961,positive
568439748047581184,positive
569995730951147523,positive
569473998519578624,positive
570116329694310400,positive
569666892882952192,positive
569924117719199744,positive
570213783085432832,negative
570296572375900160,positive
567872810770657280,positive
569639640170254336,positive
569487075797565440,positive
568885959225446400,positive
568105106647838720,positive
570276018751016960,negative
569598985737867265,positive
567802662026014720,neutral
568248151368269824,neutral
569676387113672704,positive
569226128168062976,neutral
570217145428090880,negative
569986129820196864,negative
569892141335334913,positive
570250470289068032,neutral
569639780276953088,positive
567905540761870336,positive
570270728051765248,negative
570146467542933505,neutral
569277352129138688,neutral
569837381261533185,positive
569005718365298689,neutral
569621367806664705,positive
567840122454052864,positive
569673434721951744,positive
569914848991010816,positive
568058820376854528,neutral
569821947049218048,positive
569913595762311168,positive
568888167681695744,positive
569240866684071936,positive
568092044964421632,positive
568092350355865600,neutral
569582862472577024,neutral
569661662648610816,neutral
569809648712327168,positive
569514031695962112,negative
567806872410161152,positive
569602295224246272,negative
567787873778278400,positive
570109961511895040,positive
568240048384151554,positive
569835641514692608,neutral
569609163824713729,neutral
569325844931448832,negative
568328533421867008,positive
569308130464698368,neutral
569915029950222337,positive
567966853068251136,positive
569615736387325952,positive
569206152510226432,negative
568166479327313920,positive
570129843594997760,negative
570033627939131392,positive
569940075120873472,positive
569926909515034624,neutral
570289085354541058,negative
569233861651144704,positive
567802900480585728,neutral
569231300843970561,negative
567874261085454338,positive
570239952975482881,positive
569901679975522304,positive
569443675194966016,positive
567754559762612225,negative
568841522663329793,positive
569372947720179714,positive
570084122636365825,positive
568101606585020416,positive
567970771718578176,negative
568781359331844096,positive
568054377421901824,negative
569846545715228673,positive
568925709189705728,positive
570034397153398784,positive
568897700315435008,neutral
568993159419535360,positive
568724832898162688,positive
567883722948763648,positive
570219877006503936,neutral
569562007671853056,positive
569999614624927744,neutral
568057232392380416,positive
568479942146707456,neutral
568547227527819264,positive
568389719093940224,positive
568829465788350464,neutral
569905936980185088,positive
568873020460126209,positive
568432609866457088,negative
567816074898513920,positive
568823775745028096,neutral
570040644451708930,positive
568159614069444608,negative
567842366473834498,positive
569994090147909632,positive
569626297116176384,negative
569624091646431232,positive
569139586124910593,negative
567728481623359488,positive
569633166031511552,neutral
570010976608780288,neutral
569228870177591298,neutral
569638417505497088,negative
568178240101191681,positive
569972884052930560,positive
569960248548593665,positive
568526349565972480,positive
569757272760397824,neutral
568881812174299137,neutral
568806985505726464,negative
568885645927686144,positive
568240355772108800,positive
569296585697464320,positive
567849520781893632,positive
569897003255083008,negative
567867168429182976,negative
570249102404923392,positive
569271943188209667,positive
569084344930676736,positive
568182386409607168,positive
569992602025644034,negative
570005561338503170,positive
567804646157475840,neutral
568919118193291264,positive
567951376480907264,negative
567725820056068096,positive
568527304348942336,negative
569195472650268672,positive
568464337146404864,positive
569674597479677952,positive
569758956941234176,negative
569175432702107648,positive
569693012885770240,negative
569904406285516800,positive
569612028492570624,positive
569886537128632320,negative
568109390026448896,positive
569346433305993216,positive
570024703256956929,positive
569590988395708416,positive
567997512310767616,neutral
569281144186908672,positive
569220232293720066,positive
568852319762313216,positive
569585203666161664,positive
568471761051721728,positive
569858507341606912,positive
568491460250742784,negative
568463331251634176,positive
569628242044428288,negative
568481985221537792,positive
569967974284713984,positive
570092196247969796,positive
567772565956222976,positive
569636003473793024,neutral
569595595754639360,positive
569565776010567680,positive
569605935280336896,neutral
567728017196457987,positive
570287622343540736,positive
567728229340172288,negative
569887996071297024,neutral
569948808320315392,neutral
569527183825182720,positive
568663147189415936,positive
568541219711819776,positive
570208036314222592,positive
569907323650633728,neutral
567813839539159040,neutral
569832968954499072,negative
569952945028108288,neutral
569983338880114688,positive
570106114202861568,positive
569938559836299264,neutral
568949828518084608,positive
568083251866152960,positive
569223862941929472,positive
567947508208377858,positive
569618829627666432,positive
569757234260942848,negative
568145575452876800,positive
569869506560069633,neutral
569217929541238784,positive
569719693780496384,positive
569609971383586817,negative
569671617674022912,positive
568826365878730753,positive
569549686857736193,negative
570244720229797889,negative
569651816197169153,negative
569593045777321985,positive
568968141814046720,neutral
568264441906618368,positive
570033259842801664,positive
569557662997852160,negative
569330337735696385,positive
568834799592448000,positive
569247182337019904,positive
569618489788346368,positive
567734357839056896,neutral
569887230019284993,neutral
569018352464588800,positive
570202160564203520,neutral
569179937841815553,neutral
567802649526976512,positive
569623248205430785,positive
567799412538494976,neutral
569186384121954305,positive
567806786331234305,positive
570043390773084160,positive
568845145510158336,positive
568054514617622528,positive
569261737037455361,positive
568613837198340098,positive
568527605063757824,negative
568161901089132544,positive
568284515728302080,positive
569884407852437504,neutral
567833666925121536,negative
568512847178645505,neutral
569967897600139264,neutral
569597711789502464,positive
570302060035497984,positive
567919829589442560,negative
569305311007399936,negative
569967493487292416,neutral
570291066466897921,positive
570083548364992512,negative
570222481618948096,positive
569303932691984384,positive
568483773467262976,positive
567810209088847873,positive
569939156740149249,negative
569814855349346304,positive
569213183455563776,positive
570276787063816192,positive
569676217432977408,neutral
567738031398866944,neutral
569915643094396929,positive
569671053594591232,negative
569958524270342144,neutral
569503649677750272,positive
570003343222964224,positive
568458157703499776,negative
567899906150703104,positive
567724950556258304,neutral
570298455068971008,neutral
567829088380919809,positive
569586373042278400,negative
569692835907129345,negative
569885015615664129,positive
569649806202642432,neutral
569970729237782528,positive
568873459901702145,positive
569715563385085952,positive
570074583379939328,positive
568418165853540352,negative
568244094583107585,positive
569551994949648385,positive
568135153903656960,positive
569609970007674881,positive
568894575596580864,positive
568787022472740864,positive
568973617687625728,positive
569587371693355008,negative
569645522363011072,neutral
570224962184867840,neutral
570096856685871106,positive
569320594400874497,neutral
568501367754661888,neutral
569958916668305408,neutral
567930900731854848,positive
567901996763602945,positive
569797440100036608,neutral
570121673099190272,negative
569152332765667328,positive
569302780013355008,neutral
569431307152953344,negative
570286100637466624,negative
569036471232892929,positive
569243185832169472,positive
568779794902614016,positive
569664828911919104,negative
568146088416448513,positive
569645294708609025,neutral
568807947423375360,positive
570037613899481088,positive
570264856223330304,positive
569563148472225794,negative
569723768773349376,neutral
568016802191683586,positive
569589643487928321,positive
568600380977893376,positive
569634828641034240,negative
569784699117137920,negative
569954824265076737,neutral
570272387985514497,neutral
569387765957308416,negative
568659661861175297,positive
569870442388983808,negative
570285070184898561,negative
568177098038349825,positive
569586743831191552,positive
570301929580048385,positive
569974705811107840,positive
568207908057567232,positive
569179517522046977,neutral
569524522291892226,neutral
570236495367315456,neutral
568590189582536704,positive
569091378438746112,positive
569423132240556033,positive
569924092280774656,neutral
569701230479413249,negative
569278418606559233,negative
569616208804380672,positive
570271479616573440,positive
569648229295329280,positive
569921842204565504,positive
568405950958333952,negative
569285045401178113,positive
569256434736746496,positive
568169837878484992,positive
569634318349246464,negative
570215343530102784,positive
569691574625415168,negative
570261328511643648,positive
569737258191839232,positive
568929782286516224,positive
570095131967295489,positive
569353669738688512,positive
568601527591440386,neutral
567819359255810048,positive
568615362960293888,neutral
569225412540174336,positive
567850746319753217,neutral
570272186419847168,positive
568796018348724226,positive
569336493224955904,positive
569631404306210816,positive
568644286306242561,positive
569379979055796224,negative
568605001666449408,negative
569175138349887488,positive
567815174045868032,positive
568057241435303936,positive
568006084360863745,negative
569767266075742208,positive
568756110456270849,positive
569984178764308480,positive
567768552644423680,neutral
569895266670612480,positive
570224421194964992,neutral
569627079458865153,positive
568458879220076545,positive
570240784357830659,positive
569957516748066817,negative
569598588378087426,positive
569760231846072321,positive
570250371110539264,positive
569638419384528897,positive
569507060209090561,positive
568878244331696128,positive
569925190236442624,neutral
569715707736420352,neutral
568802037057646594,positive
569869892960133120,negative
568077686507229184,neutral
568702964623216643,positive
570274049118625792,positive
568082656413552640,positive
569607918569410560,positive
569714541178679296,neutral
570192452486889473,positive
568450413365571584,positive
568468715819266048,positive
568243352258236416,neutral
568203369053077505,neutral
569301244948324353,positive
567851942627577856,negative
567775685796589568,positive
570038694817767425,neutral
570086475989061632,positive
568546953262436352,positive
568271522332192768,neutral
568501539167473664,positive
567755891714174976,positive
568622676773703681,positive
569356085359996929,positive
570078102551834624,positive
567804350040416256,neutral
569616424995409921,negative
569687262444720128,negative
568030511530172416,negative
568758807418896385,positive
567805714216792064,positive
568804625257791488,neutral
568943214130040832,positive
569530483022962688,positive
568546837231042560,positive
568851396923146240,positive
569947514633191424,neutral
568083224146149376,positive
568095623875964928,positive
568052343922507776,neutral
568553014786547712,positive
567790177063608320,positive
567969619849265153,neutral
568475305675001857,positive
567899319157669888,neutral
568191101087019008,positive
570202204281425920,positive
569655262765719553,positive
569482263345307648,positive
570011533205336064,negative
568899726273323008,neutral
569170897606709250,positive
569960024455454721,negative
570237453229019137,negative
569647694005870592,positive
568862839340961792,positive
569088496117415937,positive
569892024708689920,neutral
568893498193158144,positive
570236014238699521,positive
570225899964129281,positive
569705212274995201,positive
568792520337039360,positive
567807014388154368,positive
569922305423495168,positive
569975126659342336,positive
568115829616861184,neutral
569912213068066816,positive
569241970662645762,negative
568944928266412032,neutral
567770993159307264,positive
569552945324273665,negative
568998609590419456,positive
568884211739971584,positive
569288268530917376,neutral
567949332395249664,positive
568772824523001856,negative
570263827033432064,positive
568199550084591616,positive
570265811623002112,neutral
569769633995104256,positive
568395094232932352,neutral
569584719089836032,positive
570287747643998208,positive
569716646165778432,positive
569912963273879552,neutral
570264793140953088,positive
567728679426326528,positive
567859569621372928,positive
569504172011356160,neutral
570294189143031808,positive
568859651980156928,positive
569857396899606528,positive
569035174328934401,positive
569999632920674304,positive
568444042851323904,neutral
569392511732588544,negative
568467286333513728,positive
569620098467569664,positive
569697456536965121,positive
569650276380110848,negative
570209843199524864,negative
570208172289474560,positive
570276245960835073,negative
570075821127249920,negative
569369243965362176,negative
569695695868817410,positive
568740200479793153,positive
570237440616570880,neutral
569243229138202624,positive
570279368766959616,positive
567719005713334276,positive
568543965026390016,positive
570236587386122240,positive
569697188508348416,positive
567803467282046976,positive
569538649110548480,positive
569604400479649792,negative
569845438494457856,negative
570282087065919488,positive
568470266793340929,positive
569517360828145664,neutral
567845953245413376,positive
569657850856919041,negative
568243964983308289,positive
568907615809503233,positive
569958588837285890,neutral
568921407813521409,negative
569672807715463168,neutral
569926843853185024,negative
569827255653941248,positive
569970853334650880,neutral
568094548141977600,positive
570002509906837504,positive
569354267854704641,positive
569680782622633984,positive
568380302114086912,negative
570232671353376769,negative
569624009354170369,neutral
569840341899026432,positive
568067622698291200,neutral
568426579874996224,positive
567812841081688064,negative
569291447377137664,neutral
570014299625787392,positive
568829891220803584,positive
569487167191425024,positive
568847735530643457,positive
570081797427621888,negative
568969371118391296,negative
567717552290136065,positive
569682545375354880,positive
569377633894445056,positive
570270216694968320,neutral
568453042816868352,neutral
570058065480962048,neutral
567738743491411968,positive
569912835871879168,positive
568640966866935808,negative
568990617394647040,negative
569530159247826944,positive
567905855653421056,positive
568544211370418176,positive
567783187901915136,positive
569730716692393984,positive
569664849522925569,positive
567801343861092352,positive
569502188562546688,negative
568355672225673216,positive
569984229393637377,neutral
569330683623186433,positive
568977492410703872,positive
568524265663803395,negative
570308799950692353,positive
570242452092813312,positive
568893275907575808,neutral
569017052310056960,positive
569846619996360704,positive
567775140319358976,neutral
569974287286845441,neutral
570296273611448320,neutral
570008661885526016,positive
569895927273517056,positive
568457483301339136,positive
568646628795666432,neutral
570283544125288448,neutral
570265804748550144,positive
569329707084353536,positive
567783113309585409,positive
569296354607935488,positive
569948345583562752,neutral
569497966660218882,neutral
568098977545134080,positive
568203124760055808,positive
568442989258911745,neutral
569487156399378434,positive
569492838448300032,negative
569657112109965312,positive
569459836389335040,positive
569625607476158465,negative
570293494444634114,positive
569887654713499648,neutral
570284482588246016,positive
567849500536152064,positive
569671435309809664,positive
568287936820572160,positive
569687540644642817,positive
568354331503828992,positive
568824193380425731,positive
570242512012451840,positive
567759456503881729,positive
567820713156943872,positive
569263373092823040,negative
568381535063306241,neutral
569716908787933184,positive
569891267666006016,positive
570054647689322496,positive
569976114124349440,negative
568826247809273856,positive
570110504254857217,positive
568821070767255552,positive
568241367396192256,positive
568790282839433216,positive
570030590466121728,positive
569946571577536512,negative
569718904131420161,negative
568791745925918721,positive
568797557914148865,positive
569983750798516225,positive
570272018840428544,positive
569528550589464576,negative
570012706704662528,positive
569657895522054145,neutral
569316516321202176,neutral
570270435478122497,positive
569277477652172800,positive
569923934054805504,neutral
569811470797676544,positive
568562728585064449,positive
569949405136232449,negative
569646538814824449,positive
570039279050579968,positive
569304295444774912,negative
567755542362591233,neutral
568419711521841152,positive
567785481161953280,neutral
570215548589453313,neutral
569638441803075585,neutral
570304912468402177,neutral
568611474416906240,positive
568869594531651584,positive
569782460000514048,negative
570001983408635904,positive
568435364349808640,positive
569923761232850944,positive
568219901359460353,negative
570083761582428160,positive
567880238962716672,positive
569671000486502400,positive
568384147464568834,positive
568639679496454144,positive
570050603927392257,positive
569868638968254467,positive
568902044561465344,positive
569681184898162689,positive
570119457286328320,neutral
569292280000962561,positive
568244170848137217,negative
570272154635374592,negative
568868703762296832,positive
568806618097455104,positive
569922973798420480,positive
569256107186782209,positive
569670634718023680,positive
570222748615598081,neutral
570308309682675712,negative
570009035455344640,neutral
570087510941962241,neutral
570201740496257024,positive
568057226776219648,positive
568885556718907392,neutral
569526325255364609,positive
568064178478571520,negative
569836305066041344,positive
568433759919452160,positive
567754562053091328,positive
570220154363232256,neutral
568220625648672768,negative
568093988516802560,positive
567819541939494913,negative
569606901325017090,neutral
570021329065394176,positive
568194475077570560,neutral
569079956912758784,positive
568909613770211329,positive
568450017649778688,positive
570042796624777216,neutral
570137063716216832,neutral
569710964712411136,positive
568926656615690240,positive
567767009908109312,positive
569258454633701376,positive
569017837576069120,positive
570278202897276928,negative
569946921265184768,neutral
568515101319254016,positive
568179117851578369,positive
569361961487478785,neutral
569990229576196098,positive
570236221575704576,neutral
567799932897210368,positive
569656756764217345,negative
569938470824574976,neutral
568374422136070144,negative
570237238631669763,positive
568088967419023360,positive
569510774957170690,positive
567787583138230272,neutral
569720394782875649,positive
569594123222585344,negative
569571643044929536,negative
569149498183659520,positive
569135148660342784,positive
568984515298922496,neutral
568772334632349696,negative
569959406927945728,positive
567686845903826947,positive
569947001456070656,negative
569075205106229248,negative
569704108095111168,positive
570304445734629376,negative
569230193220554753,neutral
569306599577112577,positive
568432638823772160,positive
568199122903293952,positive
568722339833126912,positive
570079290953486338,positive
568944096687075329,positive
570078673090408448,neutral
569598323621023745,negative
568602007583354880,positive
570276196405125120,negative
569649975342333952,negative
568371161484161025,positive
569872444590129152,positive
569759459632750592,positive
569907965223763970,positive
568801276416401408,positive
569919414948237312,positive
568555130624217089,positive
569968282532315136,positive
570030390309552128,neutral
569292859909672960,positive
569954670006763520,negative
567756085583302656,positive
568553610981740544,neutral
569649590632374273,positive
568743141861228544,positive
569342650068934657,negative
569211825218318336,positive
569221440794271745,positive
569688901922615296,positive
569965247093731328,positive
569717188468334593,positive
567781663469481984,negative
568639207846989824,positive
568959665360384000,positive
568781427636092928,negative
568153430776287233,positive
568999879176949760,positive
568153151636766721,negative
568898405189038080,positive
569684982366666752,positive
568237654606680064,positive
568768952366575618,negative
570269633778855936,negative
569610824647626752,positive
568906726906335234,positive
568215093596573696,positive
570038580967383042,positive
568984098909237248,negative
568076650782404608,positive
568190857263915008,positive
569753041420865536,neutral
569377149045444608,positive
569923242015764480,positive
568838717303074816,neutral
569947033857069057,positive
568551504505802752,neutral
569644213224148993,positive
569510849846611968,positive
569631041356320768,neutral
569596783011217408,negative
569690664029462529,negative
570302023968694272,positive
569899413558169600,positive
569682277111889920,positive
568434729684307970,positive
569948991569264640,positive
567729696662511616,positive
568109598034554880,negative
569243017552375809,positive
569728440758181889,positive
568948462030467072,positive
568779480019251201,positive
568087131748503553,positive
570083989601411072,positive
570259691579809792,positive
570250554670125056,positive
568720333634609153,positive
569614500044918784,positive
569236960528756737,positive
568559216912416768,neutral
569868201720287232,negative
568902736462262272,positive
567791019086065664,neutral
569919996568215552,positive
569668704524308480,positive
568431120032915457,negative
568451916319096832,positive
568409651466899457,positive
569941247546286080,positive
570073969690169344,positive
569287433008754688,positive
568041161652342784,positive
569543791176257537,positive
568045111189372928,positive
570175764643094528,neutral
569132950006185985,negative
568535948042104832,positive
567767439493300224,negative
569567629083430912,positive
569516852805808129,positive
567768330624372736,positive
570045153295011841,neutral
568090175122907136,positive
570134947828080640,neutral
568882359409340416,positive
569529020892651521,neutral
569835633147056128,positive
568213658117005314,positive
569971394701873153,positive
568920614716600320,positive
570295459631263746,positive
569662471213948928,positive
568073860911927296,positive
567950122245623808,positive
569280553574277120,positive
569217317315354624,negative
567831245260005376,positive
569177940027674624,positive
568573570114134016,positive
569509408939487232,positive
568104397869350912,positive
567776832410636288,positive
569850867899170816,positive
570307369328095232,neutral
568738229274464256,positive
570184234498805761,negative
569372595067490304,negative
569140362025050112,positive
569714003653431296,positive
569697809017864193,positive
567902921829978112,positive
569969062228439040,positive
569777607371128834,positive
570099562548834304,neutral
568960217976864769,neutral
568871143022731265,positive
567753747283988481,positive
570173690475728896,neutral
569940980809342976,negative
570304244001193984,negative
569387005131546624,negative
569913899648098304,positive
568679098920206337,neutral
568583737417605122,positive
570286345454800896,positive
570247839563034624,neutral
569355673068118016,positive
568801277984944128,neutral
569317747101982720,positive
569531387629318144,positive
569614917826965504,positive
570019459244691456,positive
568671818262773760,positive
569939932191559680,neutral
568875992128729088,positive
569705524138090496,positive
570007003659149312,positive
569910335353851904,neutral
569718465034096640,neutral
568434790707277824,positive
568868928732028928,neutral
569380376709238784,positive
568129848910204929,negative
569705563287896064,positive
568053919575875584,neutral
567813189334790144,positive
569542427758866433,negative
569348678911021056,negative
569882164382322688,negative
569559734199721984,neutral
569635939422593024,positive
567886632155680770,positive
568173151798108161,negative
569602861467885568,neutral
568167414493532161,negative
568148009722073089,neutral
568925459540344833,neutral
569675774627848192,positive
570305363859406848,positive
569231763173560320,positive
567811913586876417,neutral
568763876377907200,positive
568248180057325568,neutral
567909106553483264,positive
568218962833461248,negative
569151206028931072,positive
569844251426729984,negative
568769725175435264,positive
568220487500709889,positive
569237713016229888,negative
568608189089869825,positive
570016304284901379,neutral
570247551368241153,neutral
568855390462603264,negative
570179455911481344,negative
567735667879575552,positive
567727499367682048,neutral
568985734163664896,negative
569490420356374528,negative
569892553690124288,positive
569620452043317249,negative
568164059981307904,positive
569651579307069440,positive
569703328940032000,positive
570291828349669378,positive
570276440874323968,negative
567782645975625729,positive
569831634817708032,positive
569855205187190784,negative
568959916498509824,positive
568482785389899776,positive
568223950926446593,negative
569275430311751682,positive
568999888043638785,positive
569103591966793728,neutral
568677317590937600,positive
568780228648144896,negative
569610806196768768,positive
569259449115942913,positive
569674237079744512,negative
570042700835082240,positive
568516267440631808,positive
569602817633222656,positive
569934594268471296,neutral
567740235061014528,positive
570273819287531520,negative
568641342869544960,positive
570214488739225601,positive
570020117284724737,positive
569881548515708928,neutral
568148282762874881,positive
568826225621405696,positive
569747046338588672,positive
569172065724428288,positive
569616283706077184,positive
569256055781240832,positive
569781926162145281,positive
569873050117808128,positive
569704066760232960,negative
569980365386809344,positive
569885774386044930,positive
570040888321318912,positive
568604366690627584,positive
568934745909829633,positive
570221178658418689,positive
569540826231152640,positive
569342608813793280,negative
568057346607460354,neutral
569992708447711232,positive
569535821486952448,positive
568196117147463680,neutral
569575003248676864,positive
569949217843605504,neutral
569309777567875075,positive
568108100827217920,positive
569606966772940801,negative
568787202341081088,positive
569590965880532993,negative
570278902959988736,positive
568411980542775296,positive
567965767808864256,positive
569068027917922304,positive
567872769049825280,negative
570250443034640384,positive
568630308284850176,positive
567724133434535936,negative
569610871934205954,positive
569537388986421249,positive
567780076926693376,negative
567738375755415552,positive
569638381375909889,neutral
567737962541375490,positive
568565272824582145,positive
569595218401439744,neutral
568965309505380352,neutral
570270039737274369,positive
569561425955332097,positive
568468959663489025,positive
569684626949718017,positive
569751515461603328,negative
567732946241470464,positive
569362336991092736,positive
568803508784275457,positive
568807823187976193,neutral
569233554242080768,positive
568885971913023488,positive
569328005677494272,negative
569896805611089920,neutral
570023530466840576,negative
569680242194980864,positive
570061334898872321,negative
568849058523033601,positive
569947476830101504,neutral
569669059941261312,neutral
569911713459408896,positive
568480213123919874,positive
568193347216474112,positive
567745016702181376,negative
570024409630515202,neutral
570046710870728704,positive
570211810038521856,positive
570277054635057153,positive
569568357030232066,positive
569277512892551168,positive
570299252141903873,positive
567765664459669504,negative
569235155061227520,positive
569628053648904195,positive
568910753652199424,positive
568973348840943616,positive
569888183409893377,neutral
567874892634304512,positive
567778149132664833,positive
569698504467021824,negative
570296996445204480,positive
569325061892481024,positive
568487677114363904,positive
569615659333627904,neutral
569647597666889728,positive
568118177537744897,positive
568795018816675841,negative
569165378359656448,negative
568204182676578304,positive
569698562734321665,neutral
568946502615179264,positive
568667108252319744,neutral
567802723127803905,neutral
570300915418320897,positive
568491224946098176,positive
568220313370013696,positive
570251671265083393,positive
568611482780508161,negative
569673913892003840,negative
567793072060276736,negative
569754680626008064,positive
570087950156898305,neutral
569696080121569280,positive
569817859406352384,negative
570083998380232704,neutral
569672329321701376,positive
569945237025648640,neutral
569716703556444161,positive
569729569428627456,positive
568782761852596225,positive
569629631814508544,positive
569487121897033728,positive
567748863449395201,negative
570025428095770624,positive
570204649363341312,positive
569805521638662144,negative
569960350876979200,positive
569697236982104065,positive
569861759240171522,positive
568894231651098624,positive
568601554275721216,positive
567777622357475328,neutral
568436943131951104,positive
568979198007595008,positive
569615215144226816,positive
568494962880475137,negative
569666708278878208,positive
569083230361673728,positive
569627346166284288,positive
569981026598043648,neutral
569326785353129984,negative
569672974657146880,neutral
567903883047088128,negative
569683696422244352,neutral
568834182694240256,positive
569580671112388608,positive
569323727818657792,positive
569752107730890752,positive
569711003585220608,positive
569143528397254656,positive
570018892031991808,positive
568963006547111936,positive
568141111601926145,negative
568173585484771328,positive
567935883086688256,negative
570250945281589248,neutral
569656088817233921,negative
567871783107452930,positive
570215386102292480,positive
569878584967344128,positive
569357196141719552,positive
569490499377061888,negative
570086891342733312,positive
568132204712370178,neutral
569404245142855680,positive
570034025148108800,positive
569340645023698944,positive
568115928044404736,positive
568701051903336448,positive
569225563417620480,negative
568977439398821888,neutral
569003165984534528,positive
569494748341407744,negative
568958770849705984,positive
569648753357037569,positive
570085448271335424,positive
568589551477886977,positive
570288282413633536,positive
569554937744486400,positive
570085423801888768,positive
569827206928715776,neutral
568560904469684224,positive
570185347453329409,neutral
568837168350699520,positive
570181406787301378,neutral
570295174385016832,neutral
569158629443502081,positive
570300325917270018,negative
569576418855620608,neutral
569263837448269826,positive
567754056924672000,positive
568990399814987777,negative
570224746652160000,positive
568424307031805952,negative
569949415458213888,positive
569239823820705793,negative
568946825798905856,positive
568762267493249024,positive
569531274991239168,positive
570278619416694784,positive
568458185071132672,negative
569612143873490944,negative
568848259008962560,neutral
569373650647945216,negative
568877353478299648,negative
569661761449791488,positive
570069217879461889,positive
569555455963471872,positive
569656873315487746,positive
570194141612789760,positive
569611065820110848,positive
568595620002279424,positive
570276414567493633,positive
568412747324485632,positive
568093443823693824,positive
569169887689641984,neutral
567867090729861120,positive
569533159475277825,positive
569995961570856960,positive
568077464892628993,positive
570039635541274625,negative
568204705861652480,neutral
569030463760650241,positive
569969374875881472,positive
569526894028197888,positive
569006176186183680,positive
568964028669800448,positive
569475215832387584,negative
569878388464177152,positive
569671231001092096,positive
568490310524936192,positive
568976065210806272,positive
569922915472244736,neutral
568969970513653762,negative
569851813706539009,positive
569620598307074048,negative
568464487931613185,positive
567823930985091072,negative
569510667612504065,negative
568926018049691648,neutral
569617894666997761,negative
567716403117957120,positive
569825133705216001,neutral
569485882941509632,positive
568438528666959872,negative
569471541554978817,negative
568135319876468736,neutral
568121659988824064,positive
569615100006440960,negative
568632394929958912,positive
569837569392967680,positive
568494813655527424,positive
569724545738760192,neutral
570097432383651840,negative
568109592338518016,positive
570226143045033985,positive
569675979284721665,positive
570280436796166144,positive
569844102239531008,neutral
567842439911858176,neutral
569325511635308544,positive
569480043853946881,positive
568128399035772928,positive
569646613183885312,positive
569506823818117121,positive
567777978327633920,positive
567713896627470336,negative
567830991491997696,negative
569826411206316032,positive
567754165904887810,negative
570241403822813184,positive
568046797475553280,positive
570261349172973569,positive
568964652455092224,positive
569368286128771072,positive
569143215405674497,positive
569903377598914562,neutral
568640385117003776,neutral
569188447157661696,negative
569719964023853056,positive
569453233044885504,negative
568586882600161280,positive
569884559380238336,negative
569687244031852544,positive
569670882207129601,positive
569211529880576001,positive
569948758118526976,positive
569015669347319808,positive
569181243385909249,negative
570205323992174592,neutral
569854540494868481,positive
569678975049588737,neutral
569492459258056704,negative
569228788481069057,positive
567720839408533504,positive
568852176799277057,positive
568606485716078592,negative
569916731595972608,negative
569655603783708673,negative
569925940224139264,positive
569701646445326336,positive
569961886046760961,neutral
568169732895051777,neutral
569633562879619073,positive
569977907222880256,positive
569620494724366336,neutral
569895100526039040,neutral
570052879643381760,positive
567864832235405313,negative
569489753332191232,positive
567885719894642688,positive
569447071910105089,positive
569230983075115010,positive
567752009806131200,positive
569932216966516736,positive
568413365254488064,positive
568650439639437313,positive
569275476642013186,negative
570287408438120448,positive
569253382898126850,negative
568790336954175488,neutral
570308064185880577,positive
570064017022181376,negative
568863304975839233,positive
569548800169283586,positive
567919558649995264,negative
569866081164111873,positive
568442492569456640,neutral
570157210183069696,positive
568954266628575232,negative
570260735294607360,neutral
569330414193483776,positive
570101670882840576,negative
568793432900177920,positive
568951819969232896,positive
570063224328081408,positive
570054266267811840,positive
568216861550239744,positive
569915133113323520,positive
569721604315312129,negative
568228746697814016,positive
568835255722860544,positive
568955862124863488,neutral
569324719993827329,positive
568881148325007360,positive
569910441423417345,positive
568845724110213120,positive
569363221791928320,neutral
570278432417972224,positive
569607509167595520,positive
569954220184604672,neutral
567928302725263360,positive
569905773276307457,positive
569329401122426880,positive
568842944024875008,positive
569200619430420480,positive
568120102660341760,positive
567967872263331840,positive
568204029517553665,neutral
568130768788185088,negative
570252528245456897,neutral
570122982863060992,positive
569998019694866432,neutral
569543012914565126,positive
569975026239164416,positive
568803679018491904,negative
569631575819710464,negative
569164614921019392,neutral
568020431036420096,negative
570040802845421568,positive
569917765676601344,positive
567873519356284928,neutral
569497632361594880,negative
569958895700959232,neutral
570259311315836928,positive
568438018572300289,negative
568761996973379584,positive
569969447764566016,negative
570305603056349184,positive
569688335788036096,negative
568634603885502464,negative
568447937929289729,positive
569119503516246016,negative
569023489492955136,positive
569972513721229312,positive
568139693574848513,neutral
568954048038055936,negative
569428644432617473,positive
569993098023063552,positive
569943328701095937,negative
569172793608278016,negative
567721764285726720,positive
569343579899822081,neutral
570058986025672704,positive
569229142597771265,positive
568090890549374976,neutral
569983093341347842,positive
569194348375613441,positive
567803627714138112,positive
569579478168547328,positive
568183785558310914,positive
569722020776116224,positive
569558791433416704,negative
569522040547385344,positive
569310328862830592,negative
570190931321757696,positive
570309000279023616,positive
569910536755748865,neutral
569970938525016065,positive
568356065428918272,positive
568935475815292928,negative
568823689422053376,negative
568968761954443264,positive
567731598871642112,positive
569235333050576898,positive
569598671420919808,negative
569729732952109056,negative
569675668524441600,positive
568072822955896832,negative
567767269120688128,negative
569670671695011840,positive
567772765756080128,negative
569594855556452352,positive
569286897404669953,positive
569897573294743552,positive
569625782181617664,positive
569923809634947072,neutral
569980358206361601,positive
569936252977451008,positive
568249367590768640,positive
569927442657386496,positive
570056726793359360,positive
570076792993611776,positive
569910410343804928,positive
568495877003857920,negative
569527205291802624,positive
569929507945234433,positive
568166403246850050,neutral
569930522677399553,neutral
569326818697871360,positive
568956596862066688,neutral
568262481698803712,positive
569903725449322496,positive
569761641211895808,neutral
569847318062632960,neutral
568101176551452673,positive
568944687077199872,positive
568457955223453696,negative
569929141962698752,negative
569927299908444160,neutral
569257932908470273,positive
570304440017788929,positive
569856109613166593,negative
569439706339024896,positive
569699965527666688,negative
568600144406568962,negative
569631027385245696,positive
568669880922165248,positive
569128289178152960,positive
569620169971998721,positive
568122284474544128,neutral
568918759664021504,negative
570018532727103489,positive
569628431236911104,positive
569630240512876546,positive
569709552721141764,neutral
569889547162669056,negative
570267215720800256,neutral
569806030584057856,positive
570045712211288064,neutral
570083363169669121,neutral
570254322694557696,neutral
569671871634935809,positive
569911005557338113,positive
569832733226110976,negative
569263908973903872,negative
569119050682339329,positive
569000361735761920,negative
569967305859293184,negative
568817526823456768,neutral
569249704543965184,positive
569754180883247104,positive
569766956062134272,neutral
568594708177555457,neutral
567676626855419904,negative
570095043169529857,positive
569715059385114624,positive
569748491943038976,positive
569670523765960704,positive
568854243097976832,positive
569970318305046528,neutral
569972935227674624,positive
570201172985974784,positive
570047946932101120,negative
569641810571763712,negative
567747420650754048,neutral
569289545058947072,positive
569565598772043776,negative
570135205123530752,negative
568787185341751296,positive
569522820725788674,negative
567794802394406912,positive
569937119411462144,neutral
569625173176901632,positive
568444017106690048,positive
568049646062444544,positive
570176104541122561,positive
569967019958730753,positive
570229420058918913,positive
569605699308818432,positive
569576395778748416,positive
569699437901000706,neutral
569589319846854658,neutral
569366138963959808,positive
569012492598251520,positive
569646144805953536,positive
568569324245532672,positive
570210502955155456,positive
570185364746461184,positive
569882980992335872,neutral
567818961716387840,neutral
569880251767123968,positive
569989598388084736,positive
568180928746369027,positive
569968609440563201,positive
567807269707206657,neutral
569200983173156864,neutral
570188838775103488,positive
569961695835267073,positive
569947331241639936,positive
569632584424153088,negative
568883744246878208,positive
568627477259485185,positive
570294451261874177,negative
569879818063507457,neutral
569925990283145216,positive
567829387485130752,positive
570289557205327873,negative
569175278255284224,positive
569815061440679937,positive
567747041976410112,positive
569190678758080512,positive
569623364337168384,positive
568502210268692480,neutral
569114409613860864,negative
569644697309872128,negative
569677660890116096,neutral
569223781593403392,neutral
567765457731624960,neutral
567861975419457537,positive
568562512284659713,neutral
569116333998256129,positive
569644634386911232,negative
568517386795507712,positive
570241221303468032,positive
569507834930442241,positive
568899587424931840,positive
570108724636831745,positive
569516908195815425,positive
569660363794468864,positive
568889677094232064,negative
567848374113693697,positive
568382196081229824,neutral
569504928810414080,positive
570248162067107840,positive
567752048402104320,neutral
570041988986347521,positive
568052677881565185,negative
569977223198822400,negative
569992753649729536,neutral
568273152456810496,positive
568658885361438720,positive
567801559788068864,positive
569597328522387456,positive
568987540155453440,positive
569336252597731329,neutral
568961738596462593,neutral
